movieId,titleMovie,genre,director,releaseYear,classifaction,rating,runtime,country,language,budget,amountAwards
1,Happy End,Comedy,Jacqueline Carlozzi,2017,PG,6.9,190,United States,English,267920515.3,11
2,Ginger Snaps Back,Action,Nadean Stygall,2000,PG-13,5.1,286,United States,English,234332734.5,6
3,Perez Family,Comedy,Stepha Yakushkev,2011,PG-13,1.4,74,Canada,English,274406715.9,9
4,Six Degrees of Separ,Romance,Cirstoforo Trinbey,2021,NC-17,5.8,117,United States,English,102602773.1,10
5,Look What's Happened,Action,Dela Rudolf,2014,PG,6.2,234,United States,English,100202759.8,2
6,Gigot,Action,Aeriela Danslow,2016,PG,1.5,81,United States,Frances,21694970.97,4
7,I'm King Kong,Comedy,Benetta Hellmer,2018,NC-17,4.3,221,Canada,Frances,111782219.5,9
8,Salvage,Drama,Boothe McKernon,2022,R,8.3,43,United States,English,253514964,8
9,Children's Hour,Drama,Nelle Baines,2000,R,6.8,225,Spain,Frances,22150081.76,5
10,Americano,Comedy,Zedekiah Godfroy,2018,NC-17,3,291,United States,Spanish,202318092.1,7
11,Ewoks: The Battle fo,Comedy,Homere Heap,2022,PG,8.7,189,United States,Spanish,103524052.1,15
12,Tenebre,Romance,Lilla Sutworth,1994,PG-13,0.1,38,United States,English,145500012.4,5
13,Brewster McCloud,Comedy,Casey Duesberry,1995,R,1.1,151,Canada,Frances,132020814.7,15
14,Mad Adventures of Ra,Action,Cherry Midlane,1997,R,6.8,204,United States,English,83339378.12,10
15,Blood of Heroes,Romance,Ingmar Goldine,1992,PG-13,6.9,68,Canada,Frances,241963681.4,15
16,True Romance,Horror,Granthem Bellamy,2015,R,4.4,1,Canada,English,95762592.65,5
17,Jerk,Horror,Darrick Madison,2021,R,2.4,14,Spain,Frances,110638339,12
18,Anna,Romance,Chaunce Cratchley,2010,G,4.7,276,Spain,Spanish,11301040.52,1
19,Sweet Hearts Dance,Romance,Dell Batchan,2004,PG,6.8,67,United States,Spanish,79224830.91,0
20,Asfour Stah,Romance,Lila Daniely,1992,R,5.2,219,Canada,English,199526993.1,10
21,Earth Dies Screaming,Action,Yolanda Ashton,2007,NC-17,4.9,277,United States,Spanish,10458886.49,8
22,Murder,Romance,Daveen MacCallam,2018,R,0.5,214,Spain,Frances,253979416.8,2
23,Burmese Harp,Romance,Sibel Teliga,2002,PG,2.7,117,Canada,Frances,286384063.9,4
24,Sunshine State,Drama,Lezley Avey,2011,PG-13,3.2,235,United States,Spanish,198218949.9,8
25,Commandos Strike at ,Romance,Wallie Cornell,2019,NC-17,3.2,277,United States,Spanish,182496201.8,13
26,Crazy Mama,Action,Maximilien Charlwood,2013,G,6.8,76,Canada,English,236339497.7,6
27,Solomon Northup's Od,Horror,Amory Levison,1993,G,9.6,117,United States,Spanish,96324358.4,2
28,About Alex,Comedy,Roosevelt Januszkiewicz,2002,NC-17,6.2,162,United States,English,217003495.3,15
29,Big Picture,Horror,Selby Maddy,2007,R,5.8,213,United States,Spanish,31526653.44,12
30,Winter Guest,Drama,Emily Pethick,1994,NC-17,0.6,201,Canada,Spanish,282071802.8,3
31,Stealing a Nation,Horror,Kiah Gerner,2008,NC-17,5.6,198,United States,Frances,40000438.11,14
32,Escuela de seduccion,Horror,Hunter Spratley,1994,PG,8.3,58,Canada,Frances,159066663.4,8
33,On the Edge,Horror,Raina Fleeming,1994,NC-17,2.8,273,Canada,English,116050030.9,14
34,Rock-A-Doodle,Drama,Nil Joslin,2001,NC-17,2.7,91,United States,English,299796240.4,1
35,Happy Feet,Action,Brian Collidge,1995,NC-17,8.3,219,United States,Spanish,83754765.2,11
36,John Rabe,Romance,Arlyne Spragge,1998,PG-13,7.3,157,Canada,English,20672746.79,1
37,This Island Earth,Comedy,Laural Dooland,2011,PG,0.9,85,United States,Frances,234349674.6,0
38,Tightrope,Romance,Bibbie Telfer,2001,R,1.9,113,United States,English,260322420,1
39,The Whisperer of Lucas,Action,Vania Dymott,2007,PG-13,4.2,69,Canada,Frances,103868216.8,13
40,Martians,Action,Kristoffer Kennally,2021,PG-13,5.4,269,United States,Spanish,46733391.72,15
41,Back to the Future,Romance,Darla Halifax,2016,G,1.6,84,Canada,English,41758897.17,4
42,Top Hat,Romance,Lucita Garrett,2004,R,1.6,17,United States,Frances,285122075.9,4
43,Elstree Calling,Horror,Darlleen Shaddick,2010,NC-17,9.6,241,United States,Frances,201504975.5,3
44,The Specialist,Comedy,Jasun Doll,2019,PG,9.3,147,United States,Spanish,122122613.3,10
45,Upstream,Romance,Alvin Gillman,2015,R,9.4,213,United States,Frances,50153924.3,7
46,Koyaanisqatsi,Horror,Gilberte Barhem,2013,R,5.2,30,United States,Frances,239700236.8,10
47,Araya,Romance,Addia Sagrott,2014,G,3.4,222,Canada,Frances,196951960.9,1
48,Professionals,Horror,Bent Hurch,2007,R,0.5,35,United States,Frances,238810939.9,13
49,Octopussy,Drama,Mitzi Benyon,2001,PG-13,2.1,74,Canada,Spanish,132552915.9,2
50,Creature Wasn't Nice,Horror,Amii Matisoff,1995,PG,6.1,156,Canada,English,36014466.89,12
51,On Moonlight Bay,Drama,Linzy Hiscocks,2015,PG-13,8.9,115,United States,Spanish,77780747.34,9
52,Patton Oswalt: Fines,Drama,Jake Goreisr,1993,G,0.8,256,United States,Frances,100717686.6,1
53,Baby Boss,Action,Berta Edgerly,2019,R,4.2,16,United States,English,190826271.7,2
54,Série noire,Comedy,Thaddus Peery,2000,R,10,288,United States,English,258721521.4,14
55,Rabbit in the Berlin,Horror,Bendicty Defrain,1997,PG,4.2,86,Canada,Frances,49356091.76,9
56,Undefeated,Horror,Marlena Championnet,2019,NC-17,5.2,242,Canada,Spanish,47893257.91,4
57,Air Hawks,Horror,Francois Whotton,2011,PG,1,34,United States,Spanish,202663084.2,15
58,Boy Interrupted,Comedy,Delmore Callis,2016,PG,2.1,58,Canada,Frances,36760345.33,4
59,Shoeshine ,Action,Arv Dubique,1997,NC-17,3.8,9,Canada,Spanish,46234312.43,4
60,Gerry,Romance,Barbaraanne Hutcheon,1995,R,4.8,217,United States,Spanish,273738027.1,14
61,Anna Karenina,Drama,Edwin Strevens,2008,PG-13,7.8,288,United States,Frances,118967381.9,12
62,Time Limit,Action,Verina Pentin,2002,G,1.3,78,United States,Frances,157129421.2,6
63,Diary of a Chamberma,Comedy,Mendel Kilshall,1993,PG-13,9.4,293,United States,English,179950616,4
64,Underground,Romance,Suzie Noah,2021,PG,6.8,82,United States,Spanish,195618443.6,12
65,Fast Runner,Drama,Mozes Isaacson,1995,R,5.3,288,United States,English,196255125.2,0
66,Rainy Dog,Romance,Veriee Wapple,2017,NC-17,0.5,179,United States,Spanish,263273420.3,9
67,Formosa Betrayed,Drama,Ev Deeney,1993,NC-17,1.2,219,United States,Frances,28671654.35,5
68,Unstoppable,Romance,Harriot Umbert,2009,NC-17,9.2,18,Canada,English,49614821.54,1
69,Unlawful Entry,Horror,Christopher Sarfas,2021,PG,9.4,168,United States,Spanish,263567458.9,5
70,Green Man,Action,Anetta O'Cannovane,2022,NC-17,4.6,243,United States,English,68282583.55,15
71,Nines,Comedy,Melba Laurenty,2007,PG-13,6.4,109,United States,English,111660228.2,3
72,Family Business,Drama,Norene Birkenshaw,2006,PG-13,6.5,211,Spain,Frances,78965496.32,10
73,Mother (Madeo),Comedy,Lodovico Greve,2000,PG,0.2,29,United States,Spanish,67994211.58,3
74,What Men Talk About,Horror,Buddy Mildmott,2014,R,9.8,250,United States,Frances,274452763.4,0
75,Street of Shame ,Drama,Renate Grayley,1998,R,8.1,6,Canada,English,33102277.16,9
76,Burrowers,Action,Kiersten Olivet,2000,PG-13,7.3,78,United States,Spanish,285647679.7,8
77,Kleines Arschloch,Romance,George Deviney,2016,G,7.9,235,United States,Frances,149977404.8,9
78,Snow White,Horror,Edwina McHale,2021,PG-13,0.7,182,United States,Frances,279347270.9,0
79,Path to War,Drama,Rosie Birbeck,2002,PG-13,3.7,202,United States,Frances,45679261.89,8
80,Last Ride,Romance,Baxter Hattrick,2004,PG,5.3,299,United States,Spanish,89528449.54,2
81,Emigrants,Drama,Haley Vaan,2012,R,0.3,167,United States,English,138246950.5,3
82,Alois Nebel,Action,Win Caldaro,2001,PG,8.5,220,Canada,English,59359763.69,9
83,Entity,Action,Monique Titchard,1991,NC-17,5.4,86,United States,Frances,168148780,5
84,Vice,Romance,Cati Tripon,2012,NC-17,2.6,84,United States,Spanish,91512768.9,6
85,Carbon Copy,Comedy,Nerty Kinnin,1993,NC-17,3.3,95,Canada,Frances,250812281.2,14
86,Standard Operating ,Action,York Keysall,1998,PG,9.3,158,Canada,Spanish,198116610.8,0
87,Playboys,Horror,Bridie Wrout,2001,PG,8.6,91,United States,Spanish,116179844,12
88,Growns Up 2,Drama,Dickie Gainor,2004,NC-17,5.3,151,United States,Spanish,237393415.5,13
89,Margaret,Comedy,Vitoria Kendal,1999,G,1.4,237,United States,Spanish,18420616.07,9
90,Lymelife,Drama,Mattie Martinolli,2008,NC-17,3.4,251,Canada,Frances,54905347.44,4
91,Skhizein,Comedy,Deb Ducham,2019,PG-13,6.1,213,United States,English,130942913.6,7
92,Moving McAllister,Romance,Jody Woloschin,2013,PG,3.2,255,United States,Spanish,15984749.17,9
93,Elstree Calling,Comedy,Daisi Matysik,2019,PG,0.4,206,United States,Frances,108974003.2,12
94,Secuestro Express,Comedy,Lilli Croce,2019,PG,9.4,251,Canada,Frances,151991827.3,12
95,Everlasting Moments ,Action,Brandea Mullis,2019,PG,3.7,282,United States,English,154077777.6,4
96,Buried Alive II,Action,Beauregard Danelut,2005,PG,0.7,71,United States,Frances,280563561.2,0
97,Whisperers,Action,Netti Peverell,2002,G,3.2,134,United States,English,21228213.67,14
98,Peep World,Horror,Charil Priestley,1996,NC-17,0.9,125,Canada,Frances,269491475.8,2
99,Alex Cross,Drama,Kelwin Kopps,2003,PG-13,6.1,34,United States,Spanish,221660359.6,5
100,Life Aquatic with Street,Comedy,Theressa Tiesman,2001,PG-13,9.7,197,United States,Frances,248326472.4,5
101,Private Life of Sher,Action,Yvonne Dragonette,2021,NC-17,2.4,155,United States,English,284842777.8,3
102,Night Has a Thousand,Drama,Channa Gyenes,2008,PG-13,4.8,216,United States,Frances,27346531.56,14
103,Inhuman Resources,Drama,Crystie Fewkes,2014,NC-17,8.9,201,Canada,Frances,128869385.6,15
104,Once Upon a Time,Horror,Wald Lynagh,2016,PG,2,6,United States,English,7334600.73,7
105,Brave One,Action,Jimmie Manilow,2001,R,0.4,154,Canada,Spanish,293929754.2,12
106,GasLand,Horror,Jacques Davidoff,1997,NC-17,2.2,37,Spain,English,96164116.57,4
107,Girl Who Kicked the Stars,Romance,Rickie Brunsen,1994,G,6.8,239,Canada,English,162399107.5,2
108,Boost,Drama,Danny Dossantos,2014,R,9.4,275,Canada,Spanish,161372465.7,1
109,Castle Freak,Drama,Adara Ferrero,2006,R,0.5,268,United States,Spanish,277055004.4,5
110,Advise and Consent,Comedy,Rockey Hopfner,1997,PG,8.9,22,United States,English,229368531.6,13
111,Faithful,Comedy,Rollie Vida,2010,PG-13,9.7,118,United States,Spanish,239846809.5,6
112,Man Called Sledge,Comedy,Winnah Angrave,2007,R,6.3,117,United States,Frances,187151997.7,13
113,Fjols til fjells,Horror,Laure Salazar,2021,PG-13,2.9,126,United States,English,107865446.8,8
114,Red Psalm,Comedy,Brenna Bishopp,2014,PG-13,6.4,63,Canada,English,35896004.12,6
115,No One Knows About P,Comedy,Tabitha Gleeton,2007,NC-17,2.8,122,Canada,English,23904725.13,14
116,Jackass 3D,Romance,Grover Mundie,2005,PG-13,9.3,48,Canada,English,100397017.4,1
117,African Cats,Romance,Colet Celand,1993,PG,2.6,61,United States,Frances,139702812.7,11
118,Mean Guns,Comedy,Amandi Farfalameev,1997,PG-13,0.1,16,United States,Spanish,151267333.8,13
119,Monsieur Vincent,Drama,Almira Bindley,1991,NC-17,5.1,9,Canada,English,7499054.74,15
120,Donovan's Reef,Comedy,Everett Morby,2021,NC-17,9.5,41,Spain,English,109456659.4,7
121,Super Fly (Superfly),Action,Dena Stinson,1996,PG-13,8.3,52,United States,Spanish,240438501,1
122,Boxing Helena,Action,Terra Hauger,2017,NC-17,2.9,168,United States,Spanish,191276626.2,11
123,Black Dog,Action,Marven Slobom,1995,G,1.2,295,United States,English,292181671.7,0
124,Sum of All Fears,Comedy,Analise Cosh,2021,PG-13,6.2,125,Canada,English,151342067.6,14
125,Merchant of Venice,Horror,Roseann Valasek,1993,R,4.9,79,United States,English,175349956.4,0
126,Wild One,Comedy,Sofie Oven,2008,PG-13,4.7,205,United States,Spanish,9842111.6,9
127,Great Expectations,Action,Weidar Gaynesford,2016,PG-13,6.1,260,Canada,Frances,123776391.7,4
128,Desperation,Comedy,Kip Bishell,1992,NC-17,8.7,147,United States,English,237460203.4,15
129,In My Country,Comedy,Marsh Wibrow,2005,PG,5.8,267,Canada,English,32007044.32,12
130,Preaching to the Person,Horror,Lonna Hemstead,2001,R,5.3,126,United States,Frances,194968636.2,8
131,Mr. Chips,Romance,Rhodie Druce,2012,NC-17,7.5,217,United States,English,167161305.1,15
132,Sea of Grass,Action,Audie Lowfill,1993,R,2,69,United States,Frances,80155115.61,1
133,Blackball,Drama,Reggie Frarey,1999,G,5.3,170,United States,Frances,61547840.28,12
134,Eddy Duchin Story,Drama,Aloise Bax,2022,NC-17,5.2,6,Canada,Spanish,271473358.4,5
135,13 Lakes,Action,Andonis Cuphus,1998,R,8,152,United States,Frances,90875602.58,4
136,Ghoulies IV,Romance,Binnie Phayre,1999,R,2.6,156,United States,English,19723453.77,4
137,Massacre at Central ,Drama,Philbert Le Sieur,2001,PG,8.6,109,Canada,Spanish,285586026.3,4
138,My Man and my rules,Drama,Faye Vuitton,1998,NC-17,5.5,174,Canada,Frances,268644355.4,2
139,Thrust in Me,Drama,Gaye Tinman,1992,PG-13,0.6,113,Canada,Frances,242054009.6,11
140,House on Haunted Hil,Comedy,Melisse Dockree,2006,R,7.2,79,United States,Spanish,232582763.1,12
141,Hiroshima,Drama,Haydon Swidenbank,2022,R,1.8,151,United States,Spanish,283733958.6,8
142,Batman: Under the Regin,Romance,Cordelie Haucke,2005,PG,3.1,169,United States,English,74487688.56,0
143,Kit Kittredge,Horror,Elbert MacAless,1997,R,1.5,202,Canada,Spanish,48684416.68,14
144,Executive Suite,Drama,Luca Labat,2012,G,8.3,201,Spain,Spanish,204134347.5,14
145,Freedom,Romance,Esme Booley,2022,NC-17,6.8,21,United States,English,80588123.52,7
146,Fun with Dick and Jack,Romance,Agnes O'Kinedy,2014,PG-13,3.6,158,Spain,English,275279326.4,9
147,Best Friends,Horror,Marcela Crum,1992,R,1.8,28,United States,English,228698706.6,5
148,Black Dahlia,Horror,Paulie Ahrens,2001,G,5.6,287,United States,Frances,93526025.49,0
149,Lesbian Vampire Kill,Horror,Drucie Puckrin,2016,NC-17,6,18,United States,English,85818996.77,13
150,Texas Carnival,Horror,Pen Tellenbroker,2005,G,2.7,64,Canada,Frances,177977239.5,13
151,Bill & Ted's Bogus,Action,Sansone Povey,2003,G,6.9,260,Canada,Frances,200946667.6,14
152,Invisible Woman,Action,Ebenezer Larratt,1991,R,9.3,196,United States,Frances,195167986,14
153,Quest,Comedy,Christopher Barlas,2015,PG,6.9,54,United States,English,50628598.85,3
154,Bad Men of Missouri,Romance,Abe Pischoff,2004,PG,0.8,205,Spain,Spanish,59461516.12,5
155,Strange Behavior,Comedy,Adelaide Founds,2013,NC-17,7.1,137,Canada,Frances,28469794.75,13
156,Mama,Horror,Roberta Stammer,2019,NC-17,8.6,289,United States,Frances,275371127,15
157,Random Hearts,Comedy,Angel Cribbott,2014,G,4.9,212,Canada,English,157488115.2,0
158,Tower Heist,Drama,Eartha Griston,2020,PG,6.7,111,United States,English,38355320.19,2
159,Wu Tang Master ,Drama,Chantalle Groll,2012,PG,8.3,267,United States,English,129726779,4
160,Manito,Drama,Aldin Brickhill,2021,G,9.3,78,Canada,English,66467442.14,7
161,Love Wrecked,Romance,Eziechiele Caldecot,1992,G,6.8,54,United States,Spanish,201761290.9,12
162,ChromeSkull,Action,Teodoro Pollicote,2022,NC-17,8.3,267,Canada,Frances,107525857.5,9
163,Strange Wilderness,Drama,Ivan Saterweyte,2002,PG-13,2.9,54,Canada,Spanish,241389361.8,6
164,Eat Drink Man Woman ,Drama,Redford Jickles,2016,R,1.5,282,United States,English,52999645.6,5
165,Into the Mind,Comedy,Adlai Lune,2004,R,5.1,201,United States,English,265674140.5,14
166,Clock,Action,Iolanthe Goldsworthy,2009,PG-13,4.3,238,United States,English,263289540.2,14
167,Wave in California,Horror,Antonina Ohlsen,1991,NC-17,3.3,106,United States,Spanish,126174562,0
168,Moon Over Parador,Romance,Earvin Howatt,2021,PG-13,1.8,192,United States,English,157038345.2,10
169,Reckless,Drama,Arlinda Metham,2017,NC-17,2.2,259,Canada,Frances,29459984.83,14
170,H.H. Holmes: America,Horror,Herta Zwicker,1995,G,6.9,30,Canada,Frances,225931828.8,13
171,My Love Has Been Bur,Romance,Anne Edlin,2000,NC-17,6.5,79,United States,English,287710699.4,4
172,The Voices,Drama,Lonee Franz,2005,PG-13,2.6,267,United States,English,19947055.86,12
173,Blonde Ice,Drama,Darryl Macilhench,1995,PG-13,4,291,United States,Spanish,180014558.9,2
174,The Wonders,Action,Gannon Skehens,1997,NC-17,7.3,8,Canada,Frances,277653760.7,4
175,Guest of Cindy Sherm,Romance,Prudy Oke,2005,PG-13,3.5,83,United States,Frances,27204868.14,9
176,Pigs with a P38,Action,Stanford Wallsworth,1995,PG-13,5.3,63,Canada,Spanish,9231835.28,2
177,Book of Eli,Romance,Deeanne Mulvaney,2020,G,2.4,21,United States,English,100877445.5,2
178,Bloodsuckers,Comedy,Ettie Gettins,2017,NC-17,7.7,191,United States,Frances,136692167.7,6
179,Metalstorm: The Dest,Romance,Burnaby Lunt,2003,G,2.1,214,Canada,English,91134135.42,0
180,Bird of Paradise,Drama,Avigdor Thalmann,1991,R,2.6,38,United States,Spanish,205837722,9
181,Slim Susie,Romance,Pippa Nurcombe,2012,NC-17,2.2,156,Canada,Frances,254889864.6,8
182,Black Sun ,Action,Silvan Pawlyn,2015,G,9.5,239,Canada,Spanish,282037836.1,8
183,Watch Dogs,Romance,Simone Snelson,2017,PG,4.4,264,Canada,English,232576909.5,3
184,Too Many Husbands,Horror,Fleur Keyson,2002,G,7,177,United States,English,128120778.9,12
185,Zed & Two Noughts,Horror,Phillie Zywicki,1993,R,6.6,84,Canada,Spanish,160213490.3,11
186,Mark of the Vampire,Drama,Bertina Connechie,2020,PG-13,2.7,16,United States,Spanish,25797432.72,7
187,Hud,Drama,Lenora Cashell,1999,NC-17,0.3,255,Spain,English,110323000.9,14
188,Ghost Voyage,Drama,Burke Kirimaa,2003,NC-17,4.1,252,Spain,Spanish,291456376.3,11
189,Bestiaire,Drama,Jedediah Gandey,2016,R,6.9,111,United States,English,50085106.09,7
190,Redhead from Wyoming,Horror,Nady Foresight,1998,PG,6.4,96,Canada,English,60968366.66,1
191,Karla,Drama,Doralynn Harvey,2009,PG,4,66,Canada,Spanish,243522177.9,0
192,Croods Romance,Romance,Prudi Surridge,2001,R,3.6,223,Canada,Frances,156567747.9,5
193,Prophet of England,Romance,Lauren Renney,1990,PG-13,4.4,227,United States,English,219460330.9,10
194,Aerial Gunner,Comedy,Meagan Shmyr,2011,R,2.2,64,Canada,Spanish,173245691.5,14
195,Hedwig and the Angry,Drama,Julie Sparhawk,2011,PG-13,5.5,49,United States,Spanish,126232380.6,14
196,You've Got Mail,Action,Yasmeen Bickell,2008,G,5.9,291,United States,English,101268374.1,7
197,Night Train,Drama,Dorothee Burchmore,2016,PG-13,9.9,142,United States,English,221936051.5,7
198,Far from the Madding,Drama,Nerta Ibeson,1993,NC-17,2.5,211,United States,Spanish,109307983.6,7
199,Demetrius,Horror,Arden Orts,2016,PG-13,1.7,87,United States,Frances,140801916.7,8
200,Zookeeper,Drama,Devondra Canedo,2017,G,5.5,50,United States,English,161030105.3,14
201,Zookeeper of Ray,Comedy,Bud Crut,1997,PG-13,7.4,67,United States,Frances,130423652.7,7
202,Marksman,Action,Raimund Cluff,2006,R,6.5,79,United States,English,139307629.8,13
203,In America,Action,Winne Lody,2008,PG,0.3,132,United States,English,144167420,11
204,Alibi of Walter,Action,Rosamund Maybury,1997,PG-13,1.9,292,Canada,Spanish,18914703.13,12
205,Grey Zone,Romance,Concettina Howard,2001,NC-17,7.5,209,Spain,Frances,173464941.8,10
206,In Old Arizona,Action,Reeva Inskipp,1999,G,6.5,148,Canada,Spanish,148377588,5
207,Went to Coney Island,Drama,Durand Saylor,1996,NC-17,6.5,199,Canada,Frances,223522035,10
208,Brothers,Action,Karleen Hazell,1998,R,0.1,178,Canada,English,118339895.1,7
209,Bring It On,Drama,Sybilla Hamman,1998,G,7,217,United States,English,204585276.6,1
210,Basic Instinct 2,Action,Tanny Testro,2015,R,0.3,37,United States,Spanish,245774396.6,7
211,Rescuers of Fire,Romance,Sue Jakubovski,2011,PG,1.6,81,United States,English,138107929.8,11
212,Night Listener,Horror,Lenka Chasier,2022,NC-17,7.8,50,Canada,English,179670185.3,5
213,Merrill's Marauders,Comedy,Fabien Clemon,1995,R,1.3,190,United States,Frances,79981758.06,2
214,Love in the Afternoo,Horror,Tilda Sizeland,2004,PG-13,3.7,149,United States,English,258019083.5,3
215,Experiment in Terror,Action,Vivian Woollin,2018,PG,8.1,68,Spain,Frances,33223937.89,15
216,Dear Wendy,Romance,Sasha Feckey,1999,G,7.4,203,Canada,Frances,272635307.4,10
217,Far Horizons,Drama,Jayme Brisker,1993,G,2.8,200,United States,Frances,274236924.4,0
218,Madman,Romance,Dudley Wallenger,2013,R,2.6,75,United States,Frances,7274765.46,15
219,Man of Steel,Comedy,Toma Karlsson,1998,NC-17,8.8,112,United States,Frances,30543261.46,3
220,P.S. Your Cat is Dea,Action,Bernardina Fadden,2009,G,9.1,94,United States,Frances,155098797.2,15
221,Inspectors,Comedy,Marcille Annon,1995,G,9.6,63,United States,English,209933103.3,13
222,Whispering Corridors,Drama,Tanitansy Coulthurst,1993,PG,5.2,33,United States,English,280144641.7,11
223,Eagle Eye,Drama,Nannie Dickens,2008,PG,6.5,258,United States,Frances,225741241.6,0
224,Dove,Drama,Carri Bridgett,1998,NC-17,9.9,208,Canada,Frances,160329364.4,12
225,Campus Man,Comedy,Libbie Ugolini,2011,G,9,119,Canada,Spanish,286883728.2,0
226,Abbott and Costello ,Romance,Shelby Withey,1992,R,3.6,84,Spain,Frances,201787955.2,14
227,Waiting Game,Romance,Kalvin Duffett,1990,NC-17,5.1,129,United States,Frances,40089288.84,5
228,Holes in My Shoes,Horror,Damaris Rymour,1998,NC-17,3.3,152,Canada,Spanish,89384544.12,10
229,Red Chapel,Drama,Inez Arends,2015,NC-17,4.7,236,Canada,Spanish,19020868.7,8
230,Malbius,Comedy,Davida Boutton,2009,R,4.5,70,United States,Frances,272215747.8,9
231,Dragon Ball Z,Horror,Baxie Wimbridge,2022,PG,4.2,152,United States,Frances,189223250.7,4
232,Lockout,Horror,Paton Blakelock,2010,PG,2.7,84,United States,English,213840941.6,9
233,Jungle de Ikou,Drama,Sharron Unitt,1998,NC-17,1,265,Spain,English,108704145.6,4
234,Summertime,Drama,Winifred Tweddell,2010,NC-17,3.3,125,United States,Frances,20179452.7,1
235,Pictures of the Old ,Action,Felita Catherick,2019,PG,6.4,194,United States,Spanish,269627288,2
236,Dinosaur 13,Comedy,Holt Zimmerman,2008,R,2.5,184,United States,Frances,290925087.4,15
237,13 Going on 30,Horror,Dasi Rashleigh,1999,G,4.4,162,United States,English,62984340.16,10
238,Wallace & Gromit,Comedy,Sibylla Crossthwaite,2021,NC-17,0.6,230,United States,English,157404514.7,1
239,Hotel New Hampshire,Romance,Greg Ottery,1995,NC-17,2.9,123,United States,English,202836614.7,10
240,Lion of the Desert,Action,Jemmie Coker,2021,PG-13,8.8,126,United States,Frances,155819100.7,12
241,Little Miss Sunshine,Drama,Lauren Shorter,2014,PG,4.7,254,United States,English,46633763.65,7
242,Mildred Pierce,Romance,Meier Atthowe,2013,R,9.5,219,United States,Spanish,11040683.31,12
243,The Wind,Action,Ermanno Goodlet,1990,NC-17,2.9,85,United States,Frances,117736643,10
244,Crossing the Bridge,Horror,Olag De Rye Barrett,2013,NC-17,6.3,32,Spain,Frances,184643037.7,0
245,Barbie in the Nutcra,Drama,Jimmy Gerkens,2006,R,0.2,7,Canada,English,114407846.6,8
246,Suspect,Drama,Deborah McKearnen,2000,PG-13,3.3,21,United States,English,231804520,6
247,Papadopoulos & Sons,Drama,Alwyn Caldecourt,2021,PG-13,9.8,12,United States,English,290430926.6,2
248,Around the World,Action,Taber Drury,2004,R,6.4,267,Canada,Frances,277738896.2,4
249,Ride Lonesome,Action,Fonsie Jemmison,2009,NC-17,8.5,205,United States,Spanish,49036947.21,10
250,Airborne,Comedy,Taylor Eaglen,1995,PG,5.8,11,United States,Frances,18595380.85,12
251,Hot Pursuit,Action,Ingaborg Phillpot,2005,PG-13,8.2,152,United States,Spanish,179606934.3,0
252,Toothless,Romance,Xenos Timmermann,1996,G,4.1,3,United States,Frances,91960354.68,13
253,Cars 2,Romance,Claiborn Puckring,2011,PG,5,29,Spain,Spanish,279741363.2,2
254,Devil's Brigade,Romance,Cordey Pillinger,1994,R,5.6,203,United States,Spanish,69194416.77,9
255,Rabbit Without Ears ,Horror,Tobi Russe,2009,PG-13,3.6,188,Canada,English,298881464.7,6
256,Malice N Wonderland,Action,Tobiah Arendsen,1990,PG-13,2.3,167,Canada,English,138856287.3,13
257,The Christmas Wish,Action,Kare Fitzsymons,2002,PG-13,7.3,191,United States,Frances,8597704.41,10
258,Shattered,Drama,Morena Futty,2017,G,8.6,57,United States,Spanish,296346912.1,11
259,One Way Boogie,Horror,Shanie Owenson,2004,PG,4.5,105,United States,English,104595699.9,14
260,The Emoji Movie,Comedy,Cloe Ditchburn,1997,PG,1.4,253,Canada,English,222285853.8,14
261,Red Dust,Drama,Lillian Phair,2017,G,2.2,238,Canada,English,233573848,4
262,The Green,Romance,Lanny McCormick,1992,NC-17,4.8,213,Canada,English,47209000.71,12
263,Alexandra,Drama,Roxana Guiden,2008,NC-17,8.7,84,Canada,Frances,140113402.3,0
264,Cross in the Bataan,Action,Gleda Swate,2016,PG,0.3,31,United States,Spanish,104936444,12
265,Article 99,Action,Merill Tappin,1990,PG-13,7.5,76,United States,English,217957875.2,1
266,We Are The Night,Action,Dore Dinse,2012,NC-17,7.3,185,United States,English,85104625.92,10
267,Great Freedom No. 7 ,Comedy,Enrico Hinkley,2011,NC-17,2.3,215,Canada,Spanish,26156201.32,2
268,Clouds of May,Action,Sybil Chapier,1995,PG,8.3,90,United States,English,266005498.7,0
269,The Street Fighter,Horror,Hallsy Ellerbeck,1998,R,8.9,260,United States,English,271610184.5,5
270,Into the Abyss,Comedy,Talbert Walkden,2014,PG,0.2,170,Canada,English,236536599,1
271,Thousands Cheer,Romance,Amii Conville,1996,PG-13,9.8,234,United States,Spanish,35740402.93,3
272,Dominion Tank Police,Romance,Gretchen Utridge,2007,PG-13,4.4,208,Canada,Frances,119324088.7,4
273,Time Lapse,Action,Jeremias Preator,1994,R,3,113,United States,English,173367869.3,12
274,Megan Is Missing,Horror,Stefania Woolward,2022,NC-17,3.8,4,Canada,Frances,79622535.69,14
275,The Wild Party,Comedy,Dar Dugall,2010,NC-17,9,112,United States,Frances,14569265.45,2
276,Great Rock 'n' Roll ,Drama,Lucho Chinnock,2001,PG,2.1,43,Canada,Spanish,63600881.47,11
277,Sniper 2,Horror,Lucho Boik,1992,PG,8.2,139,United States,Spanish,285372930.2,13
278,Vacancy 2: The First,Comedy,Alla Iacovo,1990,PG-13,6.2,2,United States,English,212545828,14
279,Color Wheel,Drama,Sheila-kathryn Revie,2013,PG-13,4.8,210,United States,Frances,248444976.5,11
280,Groove,Action,Sayre Sangwin,1991,PG,5.3,76,Canada,Frances,240593366.2,10
281,Schwarze Sonne,Horror,Lenee Sworder,2021,PG,0.2,217,United States,Frances,146133989.6,11
282,Bye Bye Monkey,Action,Gasparo Kennicott,2011,PG,3.8,85,United States,English,231949945.5,4
283,Mail Order Bride,Romance,Cristina Fuchs,2009,PG-13,0.1,208,United States,Frances,151155509,2
284,Red Sonja,Horror,Rochell Coit,1998,PG,0.1,207,Canada,Spanish,187002641.5,9
285,Unthinkable,Drama,Jere Mitchelson,2020,NC-17,7.2,112,United States,English,272766778.2,2
286,Scout,Action,Joly Heugh,1992,PG-13,2.1,92,Canada,Spanish,100639388.5,5
287,Gigli,Horror,Delphinia Underwood,2014,NC-17,6.9,180,Canada,English,201154266.9,6
288,Calloused Hands,Horror,Roslyn Renhard,1992,NC-17,6.5,73,United States,Frances,116264683.2,9
289,Princess and the Fro,Romance,Hadrian Ferrara,2021,NC-17,7.8,69,United States,Frances,85924377.84,7
290,Diabolique ,Action,Bethany Cicetti,2003,PG,2,275,Spain,Spanish,152629472.4,9
291,Burden of Dreams,Romance,Jasmine Sabates,2004,PG-13,4.6,276,United States,English,274537280.5,2
292,Matrix,Drama,Stace Gallimore,2001,R,1,10,Spain,Spanish,246928599.1,14
293,Hide Your Smiling Fa,Horror,Zaccaria Vennings,2015,G,2.8,172,United States,Frances,168585766.8,0
294,Mistress of Spices,Comedy,Ansell Ipwell,2003,PG-13,5.3,108,United States,Frances,150282920.6,0
295,Gambler of Joe,Romance,Lark Millin,2002,PG-13,3.5,63,United States,English,162592090,14
296,Dead of Winter,Horror,Carmelle Bayfield,2011,PG,1.9,166,United States,Frances,18703504.37,3
297,Vares: Private Eye,Romance,Silvana Woollin,2020,PG-13,1.8,105,United States,Frances,152789820.5,9
298,Seven Invisible Men ,Comedy,Nowell Bloomer,2016,PG-13,4.1,138,Canada,English,112694587.8,3
299,Mercenary for Justic,Comedy,Boycey Punshon,2005,PG,3.1,241,United States,Spanish,108517670.7,10
300,Trust Me,Comedy,Delila Leiden,1994,G,9.9,128,Canada,English,172172725.5,0
301,From Beyond the Grav,Action,Maribelle Stirtle,1994,NC-17,5.2,51,Canada,Frances,73741924.25,15
302,Mr. Blandings Builds,Comedy,Caprice Gaywood,2019,PG,6.1,219,Canada,Spanish,280952381,0
303,Another 48 Hrs.,Action,Lanita Ebbage,2011,R,3.8,199,Canada,Frances,73773101.52,13
304,Luck & Trust,Comedy,Tiff Wiltsher,1998,R,1.5,159,Canada,Spanish,294834473.2,15
305,Primal,Comedy,Adams Guilloux,2008,PG-13,6.5,171,United States,Spanish,97842921.16,4
306,Hit and Run,Horror,Druci Morrad,2012,PG,8.5,286,United States,English,254913506.2,6
307,Last Waltz,Horror,Ronda Beardwell,1998,PG,8.7,65,Canada,Spanish,76871738.35,6
308,Lathe of Heaven,Romance,Alicia Saffill,2021,PG,7.1,5,United States,Frances,41744691.43,3
309,Psychopath,Comedy,Roger Byfield,2001,PG,8.2,290,United States,English,173292211,11
310,Voyeur (Abel),Horror,Brett Tressler,2014,NC-17,1.7,248,United States,Frances,205554863.2,13
311,Full Tilt Boogie,Horror,Ethelin Deeves,2010,PG,2,299,Canada,Spanish,240420737,0
312,Fiddler on the Roof,Drama,Roscoe De Minico,2016,PG-13,9.4,272,United States,English,21778755.36,15
313,Born to Defense,Comedy,Win Caldaro,2014,NC-17,0.9,27,United States,Frances,157730770.6,13
314,Scarlet Letter,Comedy,Berget Wiggall,2007,R,8.2,240,Canada,Spanish,299317930.8,13
315,Bitter Creek,Horror,Caria Chrispin,2014,R,5.5,224,United States,English,227368843,2
316,Zeisters,Drama,Ursola Vigneron,2001,PG,5.4,206,United States,English,193065292.5,7
317,His Kind of Woman,Comedy,Barclay Shropsheir,2016,R,8.5,86,United States,Spanish,139092056.8,5
318,One Point O,Horror,Dania Andersen,2019,PG,9.4,37,United States,Frances,162788993.2,15
319,Cuckoo,Drama,Edgar Warmington,1992,PG-13,8.4,33,United States,Frances,233550989.1,12
320,Footlight Parade,Romance,Carolann Peetermann,2009,G,9.1,106,Canada,Spanish,86286075.36,4
321,Clean Slate,Horror,Kenon Geffcock,1995,PG-13,0.7,72,Spain,Spanish,188716181.5,6
322,Wendell Baker Story,Comedy,Risa Matteuzzi,2005,PG-13,3.1,61,United States,Frances,192397182.2,14
323,Jonah Who Will Be 25,Comedy,Novelia Bussetti,2004,NC-17,6.6,214,United States,Frances,76822214.43,12
324,Jimi Hendrix,Action,Sabra Fleote,1990,PG-13,7.2,8,United States,Frances,187033828.8,1
325,Winter Slee,Drama,Antone Auletta,1998,R,6.1,14,Canada,English,67189304.21,15
326,Perfect Crime,Comedy,Gram Comins,2011,PG-13,1.9,13,United States,Spanish,176365326.2,8
327,Last Wedding,Horror,Marwin Baiden,1991,PG,4,244,Canada,Frances,137656041.2,14
328,Days and Nights in t,Horror,Holly-anne Dagleas,1997,R,3.3,45,United States,English,110990139.1,11
329,Teen Spirit,Drama,Katrine Louw,1996,PG-13,5.2,52,Canada,Frances,111299444.9,0
330,Leadbelly,Horror,Janene Hemerijk,1992,R,4.7,85,United States,English,41006940.1,8
331,Aaltra,Drama,Jacquelynn Ruperto,2002,PG,6,41,United States,Spanish,88730410.77,9
332,Reindeer Games,Horror,Pen Wilcher,2022,NC-17,3.5,94,United States,Spanish,168910044.7,5
333,Headhunter's Sister,Drama,Gib Caunt,1995,R,4.3,247,United States,English,106291341.7,5
334,Lumumba,Horror,Mona Pitman,2013,NC-17,9.2,1,United States,Spanish,177410787.9,10
335,King Kong Lives,Romance,Nollie Milne,2016,G,1.1,174,Canada,Spanish,256832740,8
336,Gruffalo,Comedy,Waylen Northill,2004,R,9.3,212,United States,Spanish,197573321.3,5
337,That Forsyte Woman,Action,Sutton Hulland,2011,PG,4.8,186,United States,English,286029922.6,14
338,The Tall T,Action,Ashley Wyard,2011,G,6.3,3,United States,Frances,136737801.2,7
339,PTU,Action,Lanie Broose,2014,PG,8.2,272,Canada,English,239045648.6,3
340,Guilty of Romance,Comedy,Ailyn Allott,2019,NC-17,1.1,1,Canada,Frances,177688322.5,1
341,Star Wars,Action,Colver Portigall,2001,R,0.5,263,United States,English,196027265,2
342,Inescapable,Drama,Martita Mapples,2012,G,8.8,31,United States,Spanish,114836897.6,6
343,Card Subject To Chan,Drama,Demetri Jancic,2004,PG,6.2,128,Canada,Frances,31459997.93,2
344,Day the Fish Came Ou,Action,Adelaide Chadwick,1997,PG-13,1.8,214,Canada,Frances,84482575.75,4
345,Wanda Nevada,Horror,Sander Tombleson,2002,R,8.8,116,United States,Spanish,280074547.1,0
346,I Am the Law,Horror,Carolynn De Zamudio,2019,NC-17,3.7,185,United States,Spanish,152496407,12
347,No God and Masters,Horror,Tommie Bromage,2002,G,6.1,219,United States,English,162248255.4,14
348,Mega Python vs. Gato,Drama,Innis Ashfold,2000,PG-13,8,280,Canada,English,142259066.8,5
349,Goats,Action,Reba Bohlens,1995,PG-13,6.4,238,United States,Frances,282303154.1,13
350,Ace of Hearts,Romance,Adolf Huguenet,1996,G,1.4,255,Spain,Frances,133458067.7,5
351,Little Trip to Heave,Romance,Antonio Venners,1992,R,8.6,39,United States,English,173360399.8,15
352,Elf,Drama,Benita Matthias,1997,PG-13,4.3,209,United States,English,114996800.5,13
353,39 Steps,Horror,Melodee Sloat,2021,R,0.7,211,United States,Frances,228939812.1,11
354,It Is Written in the,Action,Ruthy Surman,1991,G,4.6,183,Canada,Spanish,229806779.8,15
355,Flowers of St. Franc,Comedy,Anica McAlroy,2018,PG,6.2,185,United States,Frances,204192565.5,14
356,Black Narcissus,Romance,Vern Donahue,2000,R,3.6,70,United States,Spanish,34664196,15
357,Children's Hour,Horror,Rosco Denyukin,2001,NC-17,6.1,248,Canada,English,171600325.1,1
358,Port of Shadows,Comedy,Storm Krelle,2008,R,5.2,218,Canada,English,81372545.27,2
359,Psycho,Drama,Karilynn Rickwood,2007,G,6.9,10,United States,Spanish,211321465.3,10
360,Happy Birthday to a ,Action,Orton Hambright,1997,PG-13,9.4,148,United States,Spanish,227954409.9,12
361,Hotel Rwanda,Horror,Laura Andersch,2016,PG-13,3.8,266,United States,Frances,70427117.17,4
362,Last Taboo,Romance,Nickola Boldra,2006,PG-13,4.8,252,United States,Spanish,104342442,10
363,Envy,Comedy,Ronnica McKague,1999,G,5.9,256,United States,English,138234260.7,11
364,To Live and Die,Drama,Danit Anger,1990,NC-17,8.4,191,United States,Spanish,85898351.62,15
365,Garbo the Spy,Comedy,Cletus Gosenell,2011,G,6.4,76,Canada,Spanish,108960757.5,6
366,Outrage,Comedy,Letta Brammer,2011,R,8.2,80,United States,Spanish,16831594.87,5
367,Copying Beethoven,Drama,Bebe Heardman,1994,R,7.8,59,United States,Spanish,21919453.35,7
368,Where the Rivers Flo,Romance,Bryanty Raffan,2000,PG-13,0.1,64,Canada,Frances,77738326.85,10
369,World of Tomorrow!,Comedy,Bee Ciraldo,1996,PG,4.2,175,Canada,English,72884066.14,15
370,Critters 3,Romance,Ilise Bugge,2004,PG,2.7,235,United States,Spanish,16878987.57,1
371,Too Tough to Die,Horror,Ebony Worge,2013,G,5.4,66,Canada,Spanish,48735248.57,1
372,Ashes,Horror,Elwyn Olkowicz,1996,G,5.7,146,United States,English,64606666.31,11
373,The 39 Steps,Action,Dallis Lanktree,1994,NC-17,0.6,161,United States,Spanish,80979954.68,13
374,Dragon Ball Z: Super,Romance,Marc Inett,1990,PG,8.1,43,Canada,English,274131270.2,2
375,Tin Cup,Drama,Emmy Stathers,2003,G,4.4,61,Canada,Frances,162592301.7,12
376,Stick It,Comedy,Win Caldaro,1996,R,4.2,43,United States,English,224009626.1,12
377,Gates of Heaven,Action,Gillian Bartoszek,2004,PG-13,8.4,126,United States,English,129320488.6,2
378,Bend of the River,Comedy,Ofella Python,1991,G,3.6,244,United States,Frances,173470599.1,2
379,Podwórka,Action,Farr Maymond,2015,R,1.1,185,United States,Spanish,275551051.4,12
380,Mister Magoo's Chris,Drama,Benoit Goodson,1998,R,8.5,18,United States,Spanish,95581597.54,3
381,A Spell to Ward Off ,Comedy,Zared Bolderstone,1992,G,9.1,12,Canada,Frances,219738761.3,6
382,Hollywood Shuffle,Drama,Ertha Beardwood,1998,PG-13,4,218,Canada,English,90841349.96,14
383,En på miljonen,Action,Lark Probate,2013,R,9.8,154,United States,English,62204639.15,1
384,Strangeland,Horror,Pavel Heis,2000,PG,2.1,87,United States,Spanish,215646938.1,11
385,Road of Florida,Drama,Melisa Connor,2008,G,7.8,294,United States,English,235228973.5,0
386,Levottomat 3,Comedy,Saraann Voisey,2018,R,8.4,259,United States,Frances,298441163,0
387,Tree of Knowledge,Action,Neile Chadwin,2007,G,9.2,32,United States,Frances,70896674.82,6
388,Pups,Romance,Charlotte Daouze,2019,R,9.8,78,Spain,Spanish,138257280.9,11
389,Stalingrad,Romance,Dulsea Partlett,1991,PG-13,2.1,84,United States,Spanish,209050756.8,0
390,True Crime,Horror,Skip Jodkowski,2000,PG-13,9.9,283,United States,Spanish,125052956.4,10
391,Men to Kiss,Comedy,Neille Scarffe,1993,PG,9,228,United States,English,256937263.8,12
392,Cialo,Drama,Basia Eslemont,2021,R,4.9,39,United States,Spanish,34977288.89,9
393,Revolutionary Girl U,Comedy,Maurise Merlin,1992,PG,6.3,5,Spain,English,17810669.51,0
394,Red Obession,Comedy,Lexis Derobert,1996,G,3.1,43,Canada,English,170468153.6,3
395,Corridor of Blume,Action,Kylen Renshaw,2004,PG,0.1,51,United States,Spanish,131094698.2,4
396,Boston Strangler,Action,Nicolea Rann,2004,PG-13,6.2,68,United States,Spanish,184686761.7,14
397,Norma Rae,Horror,Bud Reddecliffe,2003,PG-13,1.5,204,Canada,Frances,146946294.9,10
398,Rite,Action,Timmy Blacksland,2021,R,7.1,4,United States,Frances,105981002.9,14
399,Eddy Duchin Story,Drama,Adina Tardiff,2010,PG,3.7,274,United States,English,144759574,0
400,Bill Burr: Let It Go,Action,Ginelle Garaway,1992,PG,9.4,53,United States,Spanish,144682473.7,1
401,Pete Smalls Is Dead,Drama,Alvan Hirsch,2006,G,6.6,185,United States,Frances,58646394.93,6
402,Dirty,Horror,Ernesta Sollime,1990,R,6.2,223,United States,Frances,292001500.1,11
403,Life During Wartime,Comedy,Wilma Hearthfield,1995,G,0.2,220,Canada,Spanish,263036393.5,6
404,Hitch Hikers Guide t,Horror,Saxon McCooke,2021,PG,1.3,3,United States,Frances,101048837.1,5
405,Paris,Horror,Denys Pizey,2006,G,4.9,141,United States,English,183343978.1,7
406,Sorority Row,Action,Jaynell Grugerr,1997,PG-13,3.6,46,United States,English,229539589.1,7
407,Heavenly Dog!,Horror,Stacee Tomaschke,2000,R,4.9,92,United States,English,162374158,6
408,Dancemaker,Romance,Cornall Pistol,1999,PG-13,4.6,7,Canada,Frances,135586637.3,15
409,Breakfast on Pluto,Action,Stacee McCree,2008,PG,0.5,203,United States,Spanish,38101572.08,3
410,Frogs,Comedy,Isac Bagworth,2020,PG,5.3,282,United States,English,231926305.6,10
411,Lure of the Sila,Romance,Min Cherm,2019,G,6.2,56,United States,Frances,253828921.9,7
412,Rollercoaster,Romance,Cinderella Bedinham,2021,PG-13,0.3,15,Canada,English,287604652.9,1
413,Before the Test,Comedy,Carr Flucks,2012,R,7.3,275,Canada,Frances,214905279.6,8
414,24 Exposures,Romance,Edith Southward,1993,NC-17,2.8,184,Canada,Frances,59815432.31,13
415,Midnight Dancers,Drama,Stavro Fancutt,2019,R,9.1,265,United States,English,28771563.12,1
416,Daytrippers,Horror,Ronny Adess,2002,G,5.6,64,United States,Frances,209252893.2,5
417,Breed,Comedy,Chick Zmitrichenko,2015,NC-17,5.2,14,Spain,Spanish,34629355.43,2
418,Spark: A Burning Man,Horror,Elsbeth Ciobutaru,2016,PG,8.6,292,United States,English,137149469.6,15
419,Sovereign's Company,Romance,Maxy Harbage,1994,PG-13,10,123,United States,Spanish,157657546.9,11
420,Superbad,Comedy,Kermit Stuck,1991,R,5.1,251,Canada,Spanish,79417047.65,3
421,Haunted Castle,Romance,Genny Ielden,2013,G,9.3,44,United States,Frances,205429420.5,9
422,Ingmar Bergman on Li,Romance,Ellissa Reely,2017,G,6.8,83,United States,Spanish,251615423.9,5
423,Alvarez Kelly,Drama,Lorelei Caudray,1998,NC-17,3.6,125,Canada,English,120437679.1,7
424,My Father the Hero,Drama,Willie Smale,2008,PG,8.3,231,Canada,Frances,39909046.48,15
425,They Call Me Mister ,Drama,Eddie Eede,1999,R,2.9,176,Canada,English,118504802.8,1
426,Koran by Heart,Comedy,Tybi Pledge,2015,G,3.8,50,Spain,Spanish,252121869.1,5
427,The Five Man Army,Drama,Cairistiona Kinastan,2007,PG-13,8.2,232,Canada,English,159697258.6,8
428,Doulos,Comedy,Brittaney O'Geaney,1991,PG-13,5.5,62,United States,Spanish,90693294.75,0
429,Casa de mi Padre,Comedy,Calla Scotti,2015,R,9.7,118,Spain,Spanish,286245705.7,8
430,Best Man Down,Drama,Elvina Climance,2021,R,1,84,United States,Frances,133441146.5,9
431,Vanishing,Drama,Papagena Fussell,2022,G,4.3,46,United States,Spanish,241196506.1,2
432,Felidae,Comedy,Clarabelle Ewells,2020,NC-17,1.4,110,United States,Frances,224189724.6,4
433,Watch,Romance,Tymothy Fonzo,1991,PG-13,8.1,160,Canada,Spanish,191455557.8,6
434,Tough Enough,Comedy,Cathi Cristofolini,1991,PG,1.1,250,United States,Frances,80898119.7,13
435,Hope Floats,Comedy,Win Caldaro,1991,R,7.9,210,United States,Spanish,174143016.3,11
436,Only Lovers Left Ali,Action,Victoir Carty,2018,PG,9.3,135,United States,English,148346427.1,9
437,Captain Thunder,Drama,Aldus Welsby,2011,NC-17,6,83,Canada,Spanish,115678404.9,6
438,Adam & Paul,Drama,Guntar Bearfoot,1990,NC-17,2.3,248,Canada,English,7881479.56,13
439,Loose Change 9/11: A,Drama,Rancell Itscowics,1995,R,6.4,75,Canada,Frances,217423379,9
440,Legend of the Fist: ,Romance,Daffie Taplin,1991,G,8.5,183,United States,Frances,76713471.36,5
441,Idiots and Angels,Horror,Bary Ather,1997,G,8.1,129,Spain,Spanish,162122507.9,6
442,Exposed,Drama,Uta Vinson,1998,G,4.3,219,United States,Frances,233559106.6,7
443,Magic Camp,Horror,Madison Partkya,2010,G,3.5,52,Canada,Spanish,295430279.8,9
444,Carry On... Up the K,Comedy,Skipton Goodboddy,2016,PG,8.6,208,United States,Frances,273794399.8,12
445,It's a Mad Winter,Comedy,Gretal Mantione,2017,PG-13,7,269,Canada,Frances,41797051.38,13
446,Sexual Dependency,Drama,Karyn Musterd,2012,G,2.1,269,United States,Spanish,105289573.5,13
447,Blind Faith,Horror,Sarene Thiolier,2006,NC-17,0.1,251,Canada,Frances,152976990,14
448,Under the Roofs,Comedy,Boot Antonioni,1998,PG-13,9.5,251,Canada,English,193084648.8,12
449,Bronson,Horror,Jyoti Cribbott,2017,NC-17,4.3,131,United States,Frances,171732980,7
450,Mystery Train,Romance,Rozamond Dyos,1998,PG,10,250,United States,Spanish,156138106.7,1
451,Retribution (Sakebi),Romance,Adel Beetlestone,2004,PG-13,5.6,223,Canada,English,181262419.7,9
452,Brandon Teena Story,Horror,Heath Slowley,2020,PG-13,8.3,23,United States,Spanish,75299824.7,13
453,Mystery of the Third,Drama,Andrea Messingham,2014,G,6.6,7,United States,English,118182758.3,3
454,Fat Man and Little B,Comedy,Tully Jacmar,2001,G,3.6,175,United States,English,87571561.2,3
455,Square,Action,Roosevelt Sherebrooke,2011,PG,4.1,35,United States,English,47200067.52,15
456,Space Station 76,Horror,Milt Leuren,2009,PG,6.1,101,Canada,English,153694547.9,1
457,Hours,Comedy,Emelda Norton,2016,G,3.3,19,Canada,English,38942199.11,5
458,Hard Target,Drama,Cynthie Dubbin,1994,NC-17,8.9,43,Canada,Frances,258037052.5,10
459,Charlie and Nicole,Romance,Vince Hecks,1997,G,2,242,Canada,Spanish,14742034.45,13
460,The Iron Commissione,Romance,Salim Everil,1990,NC-17,2.7,201,Canada,English,159865269.6,9
461,Charlie The Lonesom,Horror,Merell Saull,2015,R,9.3,293,Spain,Frances,173638734.2,9
462,Thrill of Brazil,Comedy,Adora Bramham,1996,PG,8.6,8,United States,English,146226065.1,15
463,Grave of the Firefli,Drama,Jonathan McVee,1999,G,8.4,53,United States,Frances,203195761.8,10
464,Septien,Action,Trix Kummerlowe,2011,PG-13,2.2,169,United States,Spanish,169854433.7,9
465,All About My Mother ,Action,Thedrick Skupinski,2005,NC-17,2,273,United States,Frances,6724740.95,6
466,Silence Before Storm,Comedy,Harland Jirus,2006,PG,9,129,United States,Spanish,55777161.55,8
467,Reign of Fire,Action,Polly Merrett,2020,PG,5.5,65,United States,English,15375572.89,8
468,My Louisiana Sky,Drama,Marlo Barton,1992,R,1.3,65,Canada,Frances,14923354.6,5
469,Jeopardy,Romance,Myrtia Greatbank,2021,NC-17,3.6,255,United States,Spanish,109619773.3,11
470,This Is Not a Film,Comedy,Kirsti De Vaux,2022,PG,8.7,188,United States,Frances,256469951.4,10
471,Seance on a Wet Afte,Drama,Carri Mechi,2013,PG-13,2,51,United States,Frances,122995537.7,14
472,Something of Value,Comedy,Ola Trangmar,1996,PG,0.7,154,United States,English,229596111.8,9
473,Secret of Kells,Comedy,Silvan Hurdwell,2008,PG,2.7,12,Canada,English,202633991.9,1
474,7 Boxes (7 cajas),Drama,Katuscha Bohl,2004,PG-13,8.9,283,United States,English,33048218.59,0
475,Smile,Romance,Leeanne Pennells,2019,R,0.3,205,Canada,English,21508955.74,14
476,Return of the Killer,Action,Alexine Walklett,2022,G,6.6,149,Canada,Frances,274428255.2,5
477,Guy and a Gal,Action,Lexi Dodamead,2021,G,2.4,22,Spain,Frances,35791970.11,7
478,Ill-Fated Love,Comedy,Seline Slocombe,2011,R,6.2,130,United States,English,272822576,6
479,Punch-Drunk Love,Action,Delainey Jakovijevic,1995,PG,7.1,75,Canada,Frances,80094653.37,10
480,Last Hurrah,Romance,Lilah Pelcheur,2021,G,4.8,25,United States,Frances,280219552.8,1
481,Hank and Mike,Drama,Garth Bumphries,1998,G,4.5,260,Canada,English,135714014.5,4
482,Last Exit,Horror,Happy Mahy,2003,PG,0.1,205,Canada,Spanish,240223833.1,6
483,Experience Preferred,Drama,Broddie Keetley,2003,PG,4.7,121,United States,Frances,161346592.4,8
484,Leave It to Beaver,Drama,Marc Pagnin,2015,G,3.5,179,Canada,English,176966965.7,3
485,Game of Death,Drama,Ringo Pawelke,2016,PG,1.7,8,United States,Frances,161662697.5,7
486,Wah-Wah,Horror,Ebenezer Wooddisse,1999,PG,6.3,18,Canada,English,46380146.23,4
487,Just Looking,Drama,Darnell Ludovici,2012,R,7.2,120,Canada,Spanish,254284220.9,3
488,Cage aux Folles,Comedy,Elisa Catenot,2022,G,2.2,54,United States,Spanish,245263984.2,7
489,Something Borrowed,Romance,Evita Wadly,1990,R,7.2,138,United States,English,6028841.78,15
490,Therese Raquin,Romance,Miof mela Scamp,2020,PG,0.3,64,Canada,Frances,267458323.6,11
491,Playing for Keeps,Drama,Margo Cornborough,2010,PG,4.4,66,United States,Spanish,214142837.2,6
492,Delta,Horror,Lewie Christmas,1990,R,1.4,68,Canada,Frances,196231650.1,6
493,Monsignor,Action,De Argent,2020,G,5.2,238,Canada,Spanish,222486377.3,4
494,Horror Planet ,Romance,Forester Attreed,2001,G,2.7,137,Canada,English,257909635.4,5
495,The Story of the Iphone,Drama,Sherye Whittenbury,2018,PG,9,119,Spain,Spanish,247785280.3,9
496,In-Laws,Drama,Kimble Fontes,2013,NC-17,9.1,251,Canada,Spanish,34042229.45,9
497,9 Souls,Romance,Stevana Musicka,2020,NC-17,2.2,135,Canada,Spanish,115494590.2,9
498,Cirque du Soleil: Va,Action,Enrica Tilliard,2011,G,3.3,272,Canada,English,117524523.9,15
499,Patton Oswalt: Werew,Comedy,Leonelle Coudray,2019,PG-13,7.2,33,United States,Spanish,239488827.7,0
500,Kill Your Darlings,Horror,Reese Gilham,2011,G,9.3,243,United States,Frances,38924557.85,5
501,Crude Oasis,Drama,Zonnya Lile,2020,G,5,287,Canada,English,256519770.5,0
502,Archie To Riverdale ,Romance,Niven Winscum,1992,R,9.9,122,United States,Frances,221405508.2,8
503,It Started with Eve,Action,Celie Haw,1993,PG,1.7,14,Canada,Frances,91714307.77,14
504,Back to 1942 ,Comedy,Win Caldaro,1996,G,7.6,13,United States,Spanish,105529917.3,11
505,Appleseed,Drama,Gunar Petticrew,1994,PG-13,8.2,29,United States,Spanish,202371486.6,6
506,Son of Flubber,Action,Philomena Collen,2010,NC-17,9.6,193,Canada,Spanish,220273418.4,5
507,American Beauty,Action,Massimo Casaro,2021,PG,1.1,75,Canada,Frances,111923806.9,9
508,The Apartment,Horror,Ari Sheilds,2005,PG-13,0.4,236,United States,Frances,181379171.7,5
509,Mad Dogs & Englishme,Drama,Kipper Yemm,1999,NC-17,4.2,275,Spain,English,123465891.9,15
510,Blue Ruin,Romance,Stacy Benazet,2008,PG,7.6,128,Canada,English,26608759.38,4
511,Living Will...,Drama,Sybilla Saker,2015,R,2.5,74,United States,Frances,184425088,14
512,Garage,Comedy,Percy Simper,1990,R,9.3,17,United States,Spanish,13032782.43,6
513,Days of Being Wild,Romance,Waldemar Ricciardelli,2008,G,2.5,23,United States,Spanish,255221294.4,4
514,Dear Wendy,Horror,Kaylee Kippen,2002,PG,4.2,161,Spain,Spanish,214729023.9,11
515,Deathstalker,Drama,Jilli Peskin,1997,NC-17,5.7,2,Canada,English,153963637.6,0
516,Three Kingdoms: Resu,Comedy,Derril Jozsa,2005,G,1.9,291,United States,Frances,240995747.8,7
517,Big Year,Romance,Borg Mosdill,1992,R,2.9,81,United States,Frances,207363152.9,12
518,Lost in Beijing,Drama,Teddy Peggs,2017,R,4,142,United States,English,193339613.2,2
519,Long and Short of It,Drama,Gaelan Faulkes,2018,R,9.3,8,United States,Frances,103340174,5
520,Sea Hawk,Horror,Vera Bouts,1992,PG,1.5,95,United States,Spanish,222709121.1,12
521,Magic Man,Romance,Harwell Cockman,2007,G,8.8,197,Canada,Frances,181957453.3,2
522,Good Miss D,Horror,Breanne Lyptrade,2021,NC-17,10,295,Canada,Spanish,221920224.8,0
523,On the Other Side of,Horror,Rudy Karet,2007,R,6.9,216,United States,Frances,262123545.7,7
524,The Union of Sisters,Comedy,Alika Lavington,2001,R,9.6,249,Canada,Frances,73750454.64,1
525,Dad Savage,Drama,Winne Van der Krui,2018,R,0.4,8,Canada,Spanish,265561508.1,0
526,Panama Hattie,Action,Consuela Tucknutt,2007,NC-17,2.7,238,Spain,Spanish,231568378.8,12
527,Devil's Brigade,Action,Lulita Russo,2011,PG,3.3,100,United States,Frances,173866470.7,15
528,Ivanhoe,Comedy,Merissa Dubbin,2013,PG,6.2,14,United States,Spanish,81710082.34,8
529,St. Trinian's,Romance,Tedie Dabes,2000,R,4.5,28,Canada,English,95292271.77,9
530,Donnie Brasco,Horror,Claudian Broad,2008,R,0.6,216,Canada,English,205813829.4,13
531,Reel Injun,Horror,Gamaliel Bates,2008,R,0.9,287,Canada,Spanish,232520145.7,13
532,Simple Twist of Fate,Comedy,Modesta Bollands,2016,NC-17,3.3,199,Spain,English,94520375.23,3
533,I Love Trouble,Drama,Riobard Lincoln,2021,PG-13,2.1,222,United States,English,69730522.36,10
534,Films to Keep You Aw,Action,Inness Pillman,2012,PG-13,3.7,274,Canada,English,203499287.1,15
535,Behold a Pale Horse,Horror,Timothea Matterdace,1999,G,3.4,3,Canada,English,19299847.73,11
536,Thin Blue Line,Action,Heindrick Picott,1995,R,3.2,147,United States,Frances,296129785.3,0
537,Pill and the Magic,Action,Arleta Truss,1996,PG-13,6.2,191,Spain,Spanish,229846386.1,9
538,Your Highness,Romance,Iona Kunisch,2006,PG-13,3.5,144,Canada,Spanish,235551990.6,9
539,Sex in Chains,Action,Regina MacDonell,1998,G,3.7,7,United States,Spanish,247765743.6,10
540,Curse of the Oily Ma,Comedy,Dorian Atack,1991,NC-17,5.4,53,Canada,Spanish,238376547.1,5
541,Pepi Story's,Action,Syd Templeman,1996,R,3.3,298,United States,Spanish,80041943.04,8
542,Devil's Rock,Drama,Saraann Chalcot,2009,G,0.3,45,United States,Frances,223261105.1,8
543,Super,Romance,Raddie Pears,1991,NC-17,7.1,166,United States,Frances,106882508.6,2
544,Sanshiro Sugata Part,Comedy,Lesya Hurcombe,2002,G,5.7,297,Spain,Spanish,111993518.1,10
545,40 Pounds of Trouble,Action,Dasie Twaite,2002,NC-17,2.7,164,Canada,English,233442754.9,15
546,Matchmaker,Action,Crin Rooson,1997,PG-13,3.5,260,United States,English,18753534.1,9
547,Edge of Heaven,Romance,Reeta Abel,2004,NC-17,6,25,Canada,Spanish,298496150.7,14
548,Kolmistaan,Horror,Brandon MacSween,2004,G,7.8,106,United States,Frances,156970825.8,10
549,Asterix in Britain,Horror,Den Cuddehay,2020,PG,4.8,273,United States,English,172350200.8,7
550,Street Smart,Romance,Ulric Tate,1998,R,0.8,146,United States,Spanish,252015645.3,15
551,96 Minutes ,Drama,Win Caldaro,1995,PG-13,2.4,230,United States,Spanish,289432905.3,2
552,Brest Fortress,Drama,Angele MacCardle,1991,PG,5.3,259,United States,English,158033484.8,3
553,White Massai,Horror,Margaretta Chesshire,1999,NC-17,9.2,15,United States,Frances,202214412,11
554,Kolberg,Romance,Ailey Jerrold,1997,PG-13,4.9,180,United States,Spanish,253851233,3
555,I Like Killing Flies,Romance,Wylma Naismith,2019,PG,5.9,277,United States,English,225877501.9,4
556,Powder Room,Horror,Sheela Woodgate,1997,PG,5.3,124,United States,English,227305729.8,4
557,Treasure of the Sier,Action,Elia Ciccottio,2017,PG,3.8,149,Canada,Frances,242536607.4,14
558,Food Stamped,Drama,Janeta Hansill,2017,PG-13,2.8,190,Canada,Frances,56916975.88,9
559,Laissons Lucie faire,Action,Lucretia Itzkin,2014,NC-17,0.6,173,Spain,English,167239358.3,3
560,Extraction,Drama,Vinny Feely,2006,G,9,142,Canada,Frances,288068609.5,13
561,Starry Eyes,Action,Frankie Kenealy,1993,R,6.3,124,United States,English,58253761.79,13
562,Madadayo,Comedy,Hamid Eager,2016,PG,5.1,56,Canada,English,216984331.7,0
563,Making a Killing: Th,Comedy,Ryan Yuranovev,1999,PG-13,6,34,United States,Spanish,184080513.6,0
564,Love Can Seriously D,Action,Tisha Thomlinson,2009,G,9.5,296,United States,Frances,126406222.9,2
565,Wit,Action,Biron Rickett,2015,PG,9.3,280,United States,Spanish,287397335.3,7
566,Between the Sheets,Romance,Judas Banks,2002,G,3.9,86,Canada,Frances,207306551.7,3
567,Dr Money and the Boy,Drama,Wye Seignior,2006,NC-17,2.8,192,United States,English,189279244.9,4
568,Taken,Comedy,Miguel Skippings,2021,NC-17,3.6,85,Canada,Spanish,255630065.9,14
569,George Carlin: Life ,Horror,Berke Josselsohn,2018,R,2.3,166,Canada,Frances,68522094.26,12
570,Bill Maher... But I',Horror,Babb Loines,1994,NC-17,8.5,209,United States,English,267094650.6,14
571,Chill Factor,Drama,Brianne Jepperson,1997,G,3.4,114,Canada,Spanish,255505924.9,2
572,Blackadder Back & Fo,Drama,Cary Littler,2017,G,1.4,264,United States,Spanish,231030015.3,13
573,Yankee Doodle Dandy,Action,Carlynn Brownjohn,1998,NC-17,8.8,116,United States,Spanish,191652216.2,11
574,Stay Cool,Comedy,Sergio O'Carrol,2013,NC-17,1.5,278,United States,Spanish,50294846.81,9
575,Big House,Action,Ara Segrave,2002,PG-13,8.7,261,United States,Spanish,243047527.3,2
576,Lawrence of Arabia,Drama,Eleen Kellard,2001,PG,2.6,70,Spain,Spanish,68442657.06,2
577,Biggles,Drama,Bridie Naton,1995,NC-17,6.9,167,United States,English,150881696.7,7
578,True Stories,Action,Aurelia Hanalan,1994,R,6.1,39,United States,English,59189103.35,13
579,Stage Beauty,Drama,Issi Wyeth,2007,G,2.4,281,Spain,English,85460230.84,12
580,John Huston: The Man,Drama,Charmion Baile,1997,PG-13,1.3,137,United States,Spanish,93033051.25,3
581,Stand Up and Cheer!,Comedy,Nickie Pidgin,1993,PG,9.9,150,Canada,Frances,138589683.2,1
582,Dreamchild,Romance,Harbert Drinan,2017,G,7.4,20,United States,Frances,232769173.1,11
583,Mummy's Hand,Action,Rosina McKean,2009,PG-13,1.9,211,Spain,Spanish,178372112.2,13
584,Long Day's Journey I,Drama,Faith Czaple,2018,PG-13,9.7,160,Spain,English,130080479.1,7
585,Last Mimzy,Comedy,Charmain Penning,2020,NC-17,0.7,31,United States,Frances,26041782.31,12
586,National Treasure: B,Romance,Huntington Banville,1993,PG-13,6.9,90,United States,English,165485441.8,3
587,Blood Out,Action,Karlie Eblein,2018,G,1.5,202,United States,English,96776064.1,1
588,December 7th,Comedy,Myrwyn Dinsey,2004,G,8.2,193,Canada,English,200187656.1,11
589,Haunted Castle,Comedy,Ailene Goaley,1991,G,6.6,132,United States,Spanish,290887896.3,11
590,Maria,Horror,Charla Calver,1999,PG,8.7,167,Canada,Spanish,291983081,1
591,Cheech & Chong's The,Romance,Devland Swanton,2008,PG,0.5,176,Spain,Frances,183998574.5,11
592,It's a Very Merry Mu,Action,Katha Maiden,2004,NC-17,3.9,135,Canada,Frances,43744307.81,5
593,Hardboiled Egg,Drama,Win Caldaro,2001,R,5.7,288,Canada,English,292782572.7,6
594,Bad Medicine,Comedy,Roanne Abrahamovitz,1998,G,3.3,15,United States,Frances,25396283.91,13
595,Liebelei,Horror,Kristoforo Rathbourne,2017,PG-13,5.2,9,United States,English,120042443.5,12
596,Grand Piano,Horror,Pippy Peet,2018,G,2,286,Canada,English,25961682.93,11
597,Goodbye Solo,Comedy,Emelda Mattimoe,1999,G,4.7,23,United States,Spanish,175818175.6,7
598,Looking for Mr. Good,Romance,Averyl Fomichkin,2010,G,6.8,106,United States,Spanish,177803674.7,8
599,The Shadow of Jeremy,Action,Mandy Linkin,1991,PG,3.9,288,United States,Spanish,161067542.2,5
600,Wild Things: Diamond,Drama,Harrietta Bausmann,1998,G,3.8,108,United States,English,111707817.3,7
601,Royal Affair,Action,Rori Nekrews,2009,NC-17,9.9,193,Canada,Frances,234948503.3,11
602,Romeo and Juliet,Romance,Florence Ney,2006,PG-13,6.4,11,United States,Frances,214166017.8,3
603,Familiar Ground,Action,Philippe Mazella,1996,G,7.1,103,Canada,Spanish,145796598.6,10
604,Evening with Kevin S,Comedy,Lorilyn Vile,2000,R,5.9,256,Canada,English,171612606.8,9
605,The Body,Action,Cathie Whitton,2018,G,5.3,132,United States,Spanish,89164945.58,6
606,Saving Grace,Comedy,Cozmo Bewlie,2004,R,1,62,United States,Spanish,12794960.9,9
607,Girl on the Train,Comedy,Judye Cleft,2007,G,3.5,54,United States,Spanish,83553278.24,9
608,Three Wise Fools,Horror,Port Gittings,2003,PG-13,5,34,Canada,English,157452630.5,7
609,Fast and Furious 4,Drama,Welch Luckham,2003,NC-17,3.7,26,United States,English,235622116.5,1
610,Majesteit,Drama,Cate Inchcomb,1999,PG,0.8,240,United States,Spanish,192675873.5,12
611,Splinter,Romance,Tessi Halbert,2016,NC-17,5.6,147,Canada,Spanish,98569883.22,6
612,Reflecting Skin,Horror,Beverlee Pykett,2007,R,3,155,United States,English,257454150.1,15
613,Empire,Drama,Eberto Longson,2016,PG-13,1.5,187,United States,Frances,18014744.73,10
614,Feet First,Romance,Emanuel Perritt,1996,R,6.1,102,United States,English,29977686.51,6
615,The Distance,Comedy,Hyatt Hallibone,2000,R,7.9,131,Canada,Frances,83139029.98,8
616,Knights,Romance,Idette Loosely,1996,PG,8.2,167,Spain,Frances,148596712,12
617,Punk's Dead: SLC Pun,Comedy,Wash Rawstorne,1995,PG-13,4.7,143,United States,Spanish,53566182.04,7
618,Norma Jean & Marilyn,Romance,Kari Woods,2008,PG-13,0.2,96,United States,Spanish,73227863.76,4
619,They Call Me Renegad,Comedy,Margot Minghella,2009,G,9,275,United States,English,248228934.3,4
620,Cat in the City of Chicago,Romance,Nicoline Kearley,1993,PG,0.8,263,United States,English,98960855.73,3
621,Incredible Shrinking,Comedy,Konstance Harriagn,1994,NC-17,0.4,3,United States,Spanish,142044544.7,5
622,Around the Bend,Comedy,Vivia Jaze,2002,R,4.3,10,United States,Frances,269622953.7,7
623,Last Resort,Comedy,Darin Carnelley,1993,NC-17,2.4,186,United States,English,258792136.7,8
624,Fighting Prince of D,Drama,Kylynn Milier,2016,PG,5.4,211,Canada,Frances,243661604.3,11
625,Woman Obsessed,Romance,Beatrix Hartopp,2016,PG-13,2,191,Canada,Frances,58830983.39,1
626,John Rabe,Horror,Ally Garfath,1998,PG,2.8,72,Canada,English,297219150,10
627,Apocalypse,Comedy,Catina Liggett,2000,PG,5.8,69,United States,Spanish,35203578.51,13
628,Jamie and Jessie Are,Action,Sibbie Styche,2000,NC-17,4.6,26,United States,Frances,226399023.6,11
629,Hairdresser's Husban,Drama,Farlay Dabnot,1998,PG-13,2.3,57,United States,Frances,262806145.2,6
630,Siete minutos,Drama,Stanislaus Lampard,1998,PG-13,4.4,98,Canada,Spanish,17499651.41,9
631,Mr. Moto Takes a Cha,Comedy,Nicolas Carslake,2020,PG-13,0.2,232,United States,Spanish,134709357.1,6
632,Scott Joplin,Romance,Fredericka Imore,2002,PG,5.7,296,United States,Frances,283055851.4,4
633,Memoirs of an Invisi,Horror,Silvan Bromby,2005,PG-13,6.8,161,Canada,English,272833222.8,6
634,The Details,Action,Kay Brewett,2018,NC-17,5.9,22,Spain,English,141722188.5,12
635,Project Almanac,Horror,Delilah Walisiak,2006,NC-17,3.8,132,United States,English,74255010.58,5
636,Damsel in Distress ,Comedy,Gordon Mattke,2005,G,6,263,Canada,English,82673427.22,6
637,The All Together,Horror,Marcelline Tankin,2011,PG-13,4.7,121,Spain,English,138977374.9,13
638,Annie,Comedy,Dicky Cubuzzi,1991,NC-17,8.4,32,United States,Frances,199610676.6,14
639,Ice Castles,Comedy,Micky Tynnan,2022,R,7.2,13,Spain,Spanish,273386527.2,8
640,Possessed (Besat),Comedy,Virgilio Mabbe,2014,PG,1.3,182,Canada,Frances,228263276.1,8
641,Mujhse Shaadi Karogi,Action,Brit Bener,1998,R,4.8,32,United States,Frances,21058275.29,9
642,1969,Romance,Isahella Ungerechts,2012,PG-13,6.8,118,United States,Frances,30644124.55,2
643,Cargo,Horror,Susanna Whiteford,1991,NC-17,9.6,178,United States,Frances,212865664.1,0
644,Utamaro and His Five,Comedy,Lucine Searles,2015,PG,3.5,66,United States,English,191729099.1,0
645,Rough House,Romance,Demetre Pilgrim,1996,R,8.1,142,United States,Frances,91330257.57,12
646,Meet Monica Velour,Action,Brandise McElroy,2008,NC-17,7.1,223,United States,Spanish,114724238.5,14
647,Winter Soldier,Drama,Brena Rymell,2000,G,7.8,148,Spain,English,124414094.5,10
648,Pigs with a P.38,Comedy,Leia Oen,1990,G,5.5,264,United States,Spanish,259217978.3,0
649,Line King: The Al Hi,Comedy,Bessie Bales,2022,NC-17,4.7,234,Canada,Frances,178640488.2,5
650,Scooby-Doo 2: Monste,Drama,Woody Morilla,2007,NC-17,7.3,211,United States,English,266606200,4
651,A-Haunting We Will G,Drama,Pammi Harron,2021,PG-13,7.8,103,Canada,Frances,227320450.8,10
652,For My Father and Sons,Romance,Hayward Bourhill,2014,G,5.4,204,Canada,Spanish,109607064.5,2
653,Kippur,Horror,Dorita Samways,1993,PG,5.6,280,United States,English,199963710.6,13
654,Time of the Wolf,Action,Krystal Dadge,2006,NC-17,4.6,200,Canada,Frances,6543280.85,5
655,Sadie Thompson,Comedy,Lewiss Lackie,2002,PG,9.3,206,United States,English,152847200.2,6
656,Painting Sellers,Horror,Aarika Mapham,2018,PG,0.3,33,Spain,Frances,10821674.98,2
657,Winnie the Pooh,Drama,Paige Imison,1990,PG,6.2,218,Canada,Spanish,150894523.5,7
658,Phil Ochs: There But,Horror,Norrie Brock,2014,PG,6.6,127,United States,Spanish,290597801,15
659,Cloverfield,Comedy,Win Caldaro,1991,R,5.4,110,United States,Spanish,107133378.8,3
660,Flock of Dodos: The ,Action,Clim Dorsey,2015,NC-17,8.9,247,United States,English,61837097.02,13
661,Wichita,Action,Sindee Chatan,1992,NC-17,2.9,141,United States,Frances,161201729.6,12
662,Mac,Action,Lulu Switzer,2009,G,2.8,156,Canada,Spanish,291508146.8,4
663,Titfield Thunderbolt,Drama,Keefe Chivrall,2003,PG,8.2,247,Canada,English,52423896.78,5
664,Throw Away Your Book,Action,Jaime Yearne,1994,R,8.3,132,United States,Spanish,282888707.5,8
665,Fugitive,Comedy,Arne Segrott,2014,PG,1.7,75,United States,Frances,44247288.32,12
666,Tribute,Comedy,Harold Czajka,2007,NC-17,9.7,65,Canada,Frances,83647271.18,10
667,Thomas in Love,Horror,Randolph Kershaw,2014,R,5.2,31,United States,English,100803376.3,5
668,Keep of the gate,Horror,Colver Lafrentz,2008,NC-17,7.4,126,United States,Frances,196206942.5,2
669,Case 39,Horror,Geno Heynen,2022,NC-17,7.6,182,Canada,English,209266099.1,12
670,HealtH,Horror,Allyn Kirkham,2011,R,9,267,United States,Frances,179932608.4,9
671,Mother India,Comedy,Lilith Aveling,1994,R,9.5,211,United States,Frances,131280198.9,3
672,In the Line of Duty:,Action,Jamey Ellacombe,2011,PG-13,1.7,67,United States,Frances,165901732.8,13
673,City of Industry,Drama,Petey Vayro,2009,R,8.4,208,United States,Frances,132669335.2,15
674,Robots,Comedy,Frasier Wooller,1993,NC-17,5.1,293,Spain,Frances,262714951.6,7
675,Ghost Breakers,Horror,Dougie Mousdall,1990,PG-13,0.8,290,Canada,English,145161041,12
676,Pride,Horror,Durand Hurdman,2015,G,1.1,113,United States,Frances,105526876.6,9
677,Sex and Lucia,Horror,Brook Fulford,2006,PG,0.5,168,United States,English,105861528.4,5
678,Angel's Leap,Romance,Kora Stienham,2020,PG-13,9.6,244,United States,Frances,13901051.89,1
679,Ice Soldiers,Drama,Gavan Herity,2022,G,1.7,10,United States,Spanish,8088748.82,10
680,Spy Kids,Drama,Kile Gandy,2013,G,4.1,112,Canada,English,90587915.1,0
681,Richard III,Horror,Des Mitten,2014,PG,1.6,39,United States,Frances,276547307.5,5
682,Cold Prey III,Romance,Karolina Lockner,2007,PG,3.8,9,Canada,Spanish,97500041,7
683,Come Undone,Drama,Bruno Sneezem,1990,G,1.4,27,United States,Spanish,186025452.5,2
684,Possessed,Romance,Baldwin Denington,1990,G,6.5,88,United States,English,217944632.6,15
685,Lady Windermere's Fa,Romance,Shelley Breeton,1996,G,6.1,78,United States,Spanish,197287309.1,12
686,Secret World of Arri,Action,Dianne Rossander,1994,NC-17,4.4,123,United States,Spanish,18812146.54,5
687,Blue Ruin,Drama,Sadye Legg,2014,G,4.4,73,Canada,Frances,178597462,2
688,Killer of Dexter,Action,Arni Lockhurst,2020,G,7.7,211,Canada,Spanish,55379922.11,0
689,3 Worlds of Gulliver,Drama,Flora Janjusevic,2010,PG,0.1,174,United States,English,79264219.3,12
690,New Adventures of Pi,Horror,Willyt Pottberry,2020,NC-17,0.1,12,Canada,Spanish,60624329.12,10
691,Flow,Comedy,Sherye Gasking,1995,NC-17,6.1,247,Canada,Spanish,288699721.8,4
692,Whole,Comedy,Tiffani Filtness,2006,PG-13,5.4,111,Spain,Spanish,208814174.2,5
693,Girl Next Door,Horror,Jesus Paling,2018,PG-13,5.6,19,United States,Frances,10727410.94,3
694,Sauna,Comedy,Ritchie Rawstorne,1994,R,3.1,282,United States,English,221076276.6,2
695,Wolfsburg,Romance,Wolf Gras,2009,G,5.4,274,United States,Frances,221691335.1,15
696,Princess Protection ,Romance,Sonny Panting,2021,G,3.9,177,United States,Frances,53859354.32,7
697,You Don't Mess ,Romance,Verene Surgood,2013,R,3.2,36,United States,English,121327330.4,0
698,Rx,Romance,Linus Perrett,2011,G,5.4,138,Spain,Frances,7084581.56,15
699,Masculin Féminin,Romance,Rae Freak,1991,PG,7.8,117,United States,Frances,296781448.9,1
700,Latitude Zero,Romance,Elvin Vynehall,2002,NC-17,0.3,109,United States,Frances,39782780.1,1
701,ComDads,Horror,Fairleigh McAlpine,2009,R,8.3,28,Canada,Spanish,27007780.82,12
702,Late Mathias Pascal,Horror,Raye Tither,2000,PG-13,4.4,84,Canada,Frances,49846327.15,5
703,Beeswax,Comedy,Syd Dumingos,1997,PG-13,3,241,Canada,Frances,178717193.9,4
704,Upstream,Horror,Mariele Buddock,1992,R,5.4,199,United States,Spanish,12062072.24,2
705,Prizzi's Honor,Drama,Thia Fuster,1994,R,9.4,290,United States,Frances,145645461.9,9
706,Twelve Monkeys,Horror,Cori Joule,2010,PG-13,1.1,29,United States,Spanish,133313014,8
707,Jack and Jill,Drama,Deloria Samsin,1993,G,5.4,195,United States,Spanish,120666332.8,6
708,Spare Bed-Room,Drama,Claudius Cassidy,1998,NC-17,5.3,155,United States,Frances,77056808.02,15
709,Letters from a Kille,Action,Tracy Glasson,2011,PG-13,2.2,41,United States,Spanish,136013294.4,4
710,Marked Woman,Drama,Baxter Cawdron,2007,R,3.1,78,Canada,Frances,128515576.5,7
711,Snapshot,Action,Stephenie Loachhead,1997,G,7.2,267,United States,Spanish,123127632.3,6
712,Chernobyl Diaries,Romance,Truda Colisbe,2000,NC-17,2.4,88,United States,English,94276004.84,8
713,Adam's Apples,Action,Clemente Druett,2006,NC-17,3.1,190,United States,Frances,180571961.4,5
714,Jauja,Comedy,Jon Wogden,1997,R,9.7,249,Canada,Frances,44516248.96,14
715,In China They Eat Do,Action,Nonnah Harwell,2008,PG,3.7,264,United States,Frances,69569608.4,12
716,Cool Air,Comedy,Kimmi Wenban,1996,G,9,118,United States,Spanish,209763704.1,10
717,Raven,Comedy,Dominique Anthon,1991,PG,6.4,222,Canada,Frances,271774396.3,4
718,Long Weekend,Action,Gavan Boor,1994,PG-13,0.5,207,Canada,Frances,211299789.8,4
719,Boogie Woogie,Drama,Ruddie Belchambers,2011,R,3.1,195,Spain,Frances,130707374.5,8
720,Fred Claus,Drama,Clim Dorsey,1995,NC-17,7.3,198,United States,Frances,256918315.3,6
721,Crisis,Action,Celine Esh,2015,NC-17,2.7,124,Spain,English,94844941.3,12
722,Story of Adele,Horror,Johnathan Timmermann,2020,R,7.8,73,Canada,English,25084803.72,14
723,Blue Thunder,Horror,Camala Bengochea,2008,PG,6.2,183,Spain,Frances,249366186.1,2
724,Farewell,Drama,Jimmie Dove,2018,R,0.6,161,Canada,Spanish,115994592.7,15
725,Schultze Gets the Bl,Comedy,Lynde Puddefoot,2020,NC-17,8.7,235,United States,English,7011515.65,7
726,Poor Little Rich Gir,Drama,Ogdan Attride,2013,NC-17,9.1,36,Canada,Spanish,29716594.72,8
727,Forest of the Gods,Horror,Hewe Smallman,2005,G,4.2,80,United States,English,233316773,1
728,WW III: World War II,Comedy,Silvester Ivashkov,2001,PG-13,9.3,183,United States,English,132638263.1,3
729,Two Crimes,Horror,Cthrine Oakwell,1995,R,9.7,81,Canada,English,65523487.11,7
730,Queen of Outer Space,Horror,Anthe Fealty,1995,PG,8.9,231,United States,English,40670782.42,3
731,Dressed to Kill,Romance,Sherill Brasner,2014,PG,7.2,66,United States,Frances,39085639.34,0
732,Magic of Belle Isle,Comedy,Valry McGrowther,2002,PG,6.5,240,United States,Frances,139275649.8,2
733,Footprints of a Spir,Horror,Jeri Leal,1994,G,9.9,63,United States,Frances,251476146.1,14
734,The Girl from Nagasa,Comedy,Loy Wornum,1994,PG-13,2.3,218,United States,English,7229243.66,13
735,In Crowd,Drama,Louisa Yarnall,2004,PG-13,4.4,193,United States,Frances,122607388.6,11
736,Heavy Weather,Action,Gwenette Grassi,2020,PG-13,9.9,122,Canada,Frances,220281716.7,9
737,Antboy II: Revenge o,Drama,Gratia Wiggins,1992,R,7,252,Canada,Spanish,66491768.02,1
738,Home,Romance,Vilma McGowran,2014,PG-13,5,24,United States,Frances,108705650.7,10
739,Stalking My Cousin,Drama,Tiphani Mattke,2014,G,5.9,266,United States,English,221064534.1,3
740,Modulations,Action,Kimmy Tristram,2007,PG-13,6.5,274,Canada,Frances,133847466.2,12
741,Hey Arnold! The Movi,Horror,Karon Brecken,1994,NC-17,1.3,288,Canada,Spanish,209645095.2,9
742,Legend of Leigh Bowe,Comedy,Ewan Trahear,2010,PG-13,8.9,217,United States,Frances,110045911.5,10
743,Ice Cream Man,Romance,Heath MacAllen,2005,G,0.7,64,Canada,English,253304521.7,0
744,Drugstore Cowboy,Drama,Cassaundra Wong,2016,NC-17,7.1,206,United States,English,272665518.6,7
745,Farewell of Lee,Drama,Clim Dorsey,1993,NC-17,5.7,84,United States,Frances,123524873.4,6
746,Rumble in the Air-Co,Comedy,Nata Sinnat,2013,PG,3.7,101,Spain,Frances,287547217.2,10
747,Last Ride,Drama,Wald Segrott,1999,NC-17,4.8,56,United States,English,269830495.7,13
748,Wetherby,Romance,Valli Youthed,1998,PG,4.4,92,United States,English,45656802.37,9
749,Aloft,Action,Kora Piwall,1997,PG-13,0.3,1,United States,Spanish,156012045.6,9
750,Inside: 'Dr. Strange,Horror,Madelaine Ebbage,2017,PG,4.5,292,Canada,English,88508497.59,0
751,Fear Over the City,Drama,Franny Rawstron,1995,PG-13,1,287,United States,Spanish,263444648.7,14
752,They Made Me a Crimi,Drama,Wallie Yarker,1996,R,8.9,188,United States,Frances,290706961.5,13
753,Son in Law,Action,Drake Holtum,2021,R,1.1,98,United States,Spanish,211461099.1,8
754,Zombie High,Action,Bayard Salvador,2009,NC-17,6.7,242,Spain,Spanish,276174556.3,6
755,Position Among The S,Horror,Pansy Marten,1999,PG-13,0.5,294,Canada,Spanish,7356090.61,5
756,Gary Dream's,Action,Eulalie Durrett,2013,G,7.6,163,United States,English,298085577.8,14
757,Sweet Bird of Youth,Drama,Fielding Wragge,1995,G,2.8,145,United States,English,80386631.91,13
758,Above Suspicion,Horror,Ash Sturges,1990,R,0.2,200,United States,English,126334125.4,9
759,Van Helsing,Horror,Hinze McComas,1997,R,9.5,126,United States,Spanish,10298533.77,4
760,Confessions,Romance,Isidore Condon,2005,NC-17,1.3,253,Canada,English,215069867.4,15
761,Hoodwinked Too! Hood,Comedy,Madlin Labrom,1997,NC-17,0.4,153,Canada,Frances,246408309,8
762,Daltry Calhoun,Action,Abby Pursglove,2015,PG-13,9.1,199,Canada,Frances,224765158.2,11
763,A Trip of Acapulco,Comedy,Gael Robuchon,2001,G,1,239,United States,English,194336644.1,3
764,Wild in the Streets,Comedy,Theresa Pencot,2018,G,3.3,169,United States,Frances,166225329.3,11
765,Broadway Melody,Comedy,Weider Thursfield,1992,G,8.9,150,Canada,English,91070901.23,13
766,Presidio,Drama,Laughton Richfield,2008,PG-13,1.1,231,United States,Spanish,282147445.6,10
767,Harishchandrachi Fac,Romance,Layne Helin,2013,PG-13,8,212,United States,Spanish,127534126.2,3
768,Girls About Town,Action,Ambrosi Delatour,2017,PG-13,6.1,237,United States,English,256128423.6,12
769,Captain America,Action,Edin Erickssen,1992,PG,4.8,75,United States,Spanish,261392313.9,15
770,Blackbeard's Ghost,Horror,Rowan Bene,1999,NC-17,4.1,155,Canada,English,117240127.5,9
771,PressPausePlay,Drama,Dorice McEvay,2004,NC-17,6.7,200,Canada,Spanish,7953081.88,1
772,Lady Liberty,Horror,Isaiah Tainton,2003,G,6.1,67,United States,Frances,144506074.3,10
773,Cattle Queen of Mont,Comedy,Brig Ranald,2019,R,8,42,Canada,Frances,280001084.6,5
774,Groove Tube,Action,Sybilla Percy,1990,PG,8.8,243,United States,Spanish,120105241,2
775,Home of Our Own,Horror,Lars Sasser,2019,PG,8.6,228,United States,English,205304840.8,7
776,Sweet Jesus,Horror,Amelina Oldford,2009,PG-13,8.4,12,United States,Spanish,55219185.42,6
777,Smurfs ,Romance,Kalie Torritti,2003,NC-17,1.3,114,Spain,Spanish,162249710.2,14
778,Postcards From the E,Action,Alonso Sinyard,2009,R,8.2,283,United States,Spanish,116372573.5,12
779,Man for a Day,Horror,Clarke Lehrahan,2006,NC-17,8.9,143,Canada,Spanish,74494541.92,0
780,Taras Bulba,Romance,Elbert Eastridge,2022,PG-13,0.7,281,Spain,English,85963292.28,15
781,Bruno,Comedy,Muffin Bridell,1997,PG,6.7,180,Puerto Rico,English,192670557.8,3
782,Money as Debt,Romance,Barbaraanne Pettiward,2015,G,1.1,77,United States,English,114933548,13
783,Jurrisac Park,Drama,Ossie Briddle,2014,PG-13,5.6,87,United States,Spanish,17765466.18,11
784,Yes Men,Horror,Chere Ricart,1990,PG,0.5,183,United States,English,199352246.5,14
785,Kit Kittredge: An Am,Horror,Branden Gilman,2018,NC-17,3.7,240,United States,Frances,105143745.4,10
786,Come Early Morning,Romance,Giacobo Bellany,2008,PG,0.3,273,United States,Frances,97132147.02,10
787,Employee of the Mont,Horror,Renee McGawn,2016,PG-13,5.5,288,Canada,English,188128662.6,0
788,Enter Arsene Lupin,Romance,Nadine Pfeiffer,2001,PG,7.9,296,Canada,Spanish,202157267.6,4
789,Dead Men Don't Wear ,Drama,Jacky Roubottom,2017,NC-17,7.7,187,Canada,Spanish,221123344.2,7
790,The Island of Pete,Horror,Aguie Kabisch,2008,PG-13,0.2,66,United States,Spanish,18111346.64,12
791,Children of the Corn,Action,Bar Dungate,2003,G,3.5,93,United States,Frances,162269471.6,3
792,Dr. Cable,Comedy,Roxine Gilbane,1995,PG,9.8,173,United States,English,172492437.8,13
793,Silencers,Horror,Vida McCarlich,1994,PG,2.5,178,United States,Spanish,299521793.6,5
794,Great King,Action,Tamara Stempe,2006,PG-13,4.1,195,United States,Frances,269919939.3,5
795,Prestige,Action,Brandi Handke,1997,PG,4.8,211,Canada,Frances,228830773.8,7
796,Pastoral Hide and Se,Romance,Gaye Sharratt,1997,PG,7.6,221,United States,English,196022365.6,6
797,Redline,Romance,Nicki Paulazzi,2004,PG-13,7.5,192,United States,English,13427269.5,9
798,My Soul to Take,Romance,Laraine Coughtrey,2015,PG,7.4,146,Canada,English,114105412.6,15
799,Clan of the Cave Bea,Horror,Austine Grigolon,1991,PG-13,6.1,91,United States,English,130837498.3,2
800,Sissi: The Young Emp,Comedy,Alejandro Coveley,2015,PG-13,0.3,252,Canada,Spanish,122406170.2,9
801,Stark Raving Mad,Action,Cathrine Galpen,2011,PG-13,3.2,50,United States,English,116214742.2,10
802,Phaedra,Drama,Idalina Alstead,2000,PG-13,4.7,110,United States,Frances,214737703.2,0
803,What a Girl Wants,Comedy,Nola Halsted,1995,PG,2.7,194,United States,Frances,50278704.96,1
804,Thomas Crown Affair,Comedy,Ashien Kellard,1995,G,5.8,219,United States,Spanish,249907500.4,15
805,Thirteenth Floor,Comedy,Ailis Remer,2009,G,2.3,129,Spain,English,277899973.6,11
806,Stingray Sam,Drama,Jervis Sturdgess,2011,G,0.8,20,United States,Frances,202924851.4,14
807,White Stripes Under ,Romance,Althea Lindborg,1999,R,8.6,82,United States,English,173879974.7,11
808,Macario,Action,Elyssa Verbeek,2014,PG,8.8,15,Canada,Spanish,171589192.1,2
809,Man Who Copied,Drama,Abdel Clee,2012,PG-13,4.6,199,Canada,Spanish,170732908,13
810,Now or Never,Drama,Fawne Duberry,1997,PG,7.9,93,United States,Spanish,190705151.4,15
811,Berkeley in the '60s,Drama,Livy Manjin,2016,R,4.9,117,United States,Spanish,77825818.76,7
812,Marooned,Action,Selle Vicioso,2004,G,7.5,268,Canada,Spanish,14333072.79,8
813,Jungle Book,Drama,Decca Monnoyer,1997,R,4.3,295,United States,Frances,76342151.96,7
814,Sinbad: The Fifth Vo,Comedy,Jud Rehor,1999,PG,9.1,278,United States,Spanish,76228857.79,1
815,Superman II,Drama,Lusa Yann,2009,NC-17,4.8,87,Canada,Spanish,120270506,14
816,Clownhouse,Comedy,Augustus Dencs,2011,PG-13,9,149,United States,English,137106638.5,6
817,Princess Blade,Horror,Mignon Moreing,1999,G,0.6,42,United States,Spanish,261646312.3,2
818,Out of the Clear Blu,Action,Kelila Higbin,2000,NC-17,8.6,57,United States,English,139068187,5
819,Midsummer Night's Dr,Drama,Herminia O'Sherin,1991,G,5.7,12,Canada,Spanish,115073393.8,12
820,The birds,Horror,Alaster Nowak,2005,R,8.4,117,Canada,English,21955845.88,13
821,Legion of the Dead,Drama,Tamara Challenger,2015,PG,0.9,173,United States,Spanish,85849300.93,9
822,Mystery Road,Romance,Mariquilla Ritch,1995,PG,5.1,237,United States,Frances,208639359.6,15
823,Shoot to Kill,Comedy,Deane Orans,2003,G,9.3,39,United States,Spanish,13319788.46,4
824,Black River,Drama,Ferguson Iskower,2019,PG-13,5.3,106,Canada,Spanish,165446057.1,7
825,Parkland,Horror,Clyve Wilding,1998,R,8.4,187,United States,Spanish,56039907.16,4
826,Blind Menace,Drama,Sheila-kathryn Wardrope,2000,G,6.9,181,Canada,Frances,206405906.9,14
827,Cat's-Paw,Action,Lew Bourdon,2002,NC-17,8.6,61,Spain,Frances,177713426.8,5
828,Sherlock Holmes,Comedy,Livy Sessuns,2022,PG-13,8.5,277,Canada,English,224448177.9,0
829,House of Strangers,Romance,Lurette Dyett,2018,R,0.5,260,United States,Frances,108383031.8,15
830,Maiden Heist,Horror,Breanne Delacoste,2022,PG,1.1,264,Canada,Spanish,251502973.1,10
831,Lakeboat,Drama,Danette Evesque,1999,NC-17,9.7,240,United States,Spanish,197163287.1,1
832,Dragon Ball Z: Broly,Romance,Kimmi Witson,1995,PG-13,9.2,11,Canada,Frances,9775571.75,7
833,Camel Spiders,Comedy,Staci Ashpole,1999,PG-13,8.1,171,United States,Spanish,127219736.5,3
834,Reality of Love,Romance,Milton Cassimer,2004,G,9.3,96,United States,Spanish,52549352.12,2
835,French Fried Vacatio,Action,Nils Ingray,1994,PG,7.3,71,United States,English,198104840.9,14
836,Sailor of the King,Drama,Kissee Florentine,2000,PG,6.4,66,United States,English,90332479.7,11
837,Hoax,Action,Taylor Cicchitello,2015,PG,7.8,161,United States,English,38083492.34,1
838,Beautiful City,Horror,Toddie Orrobin,2008,G,5.5,51,United States,Spanish,253218319.3,4
839,Walking Tall,Drama,Kylen Greneham,1999,G,6.2,195,Canada,English,203712717.9,7
840,Shy People,Action,Halimeda Lapish,2021,PG-13,6.4,144,United States,Spanish,200744675.9,15
841,Geronimo: An America,Romance,Jeralee Olivas,2020,NC-17,9.6,47,United States,Frances,125411601.5,14
842,Countess from Hong K,Romance,Gun Tupie,2022,NC-17,0.8,239,Canada,Frances,144350256.5,5
843,E.T. the Extra-Terre,Romance,Sheff Dockrill,2007,G,7.8,153,Canada,Frances,190176660.6,4
844,Distant (Uzak),Romance,Merline Demanche,1995,NC-17,1.7,292,Spain,Spanish,44379004.79,9
845,Then I Sentenced,Horror,Tymon Davidovic,1991,PG-13,7.3,185,Canada,Spanish,24389317.89,8
846,Yu-Gi-Oh!,Action,Clim Dorsey,2012,G,6.2,29,United States,Spanish,71835371.65,5
847,An American Tail: Th,Horror,Starr Pimm,2006,PG,5.7,44,United States,Frances,242335685.1,15
848,Lucky Them,Drama,Rasia Whitehurst,1999,NC-17,0.2,228,United States,Frances,98065497.53,12
849,Sada,Action,Gran Kaser,2015,NC-17,9.9,211,United States,English,139992070.5,7
850,Delivery Man,Action,Kin Grishin,2002,PG-13,9,255,Canada,English,71696889.42,13
851,Silver Stallion,Drama,Gerek Menguy,2002,R,6.5,227,Canada,Spanish,141212547.6,11
852,Brideshead Revisited,Horror,Minne Sotheron,1998,PG-13,5.9,251,United States,Spanish,37555027.45,4
853,My Dog Skip,Romance,Mahalia Di Ruggiero,2015,PG,1.1,260,Canada,English,147539525.8,15
854,Hope Springs,Romance,Pernell Taunton,2019,G,8.5,257,Canada,Frances,131917239.3,4
855,Good of Sue Sullivan,Drama,Neville Moakler,2018,R,1,97,Canada,Spanish,292194821,6
856,Finders Keepers,Action,Dudley Corradi,2015,G,7.8,70,United States,Frances,54574041.55,8
857,My Favorite Blonde,Romance,Michele Van Arsdale,2013,NC-17,8.2,275,United States,English,183207193.2,12
858,Firecracker,Horror,Margette Tynan,2021,R,1.8,28,United States,Spanish,250030750,12
859,Bosko's Parlor Prank,Action,Rasia Whitehurst,2009,R,4.8,223,United States,Frances,102439837.7,9
860,Deceived,Romance,Kev Egentan,1992,PG,5.6,66,United States,Frances,34401052.99,5
861,Critters,Drama,Jayme Liger,2009,PG-13,8.8,62,Canada,Frances,13751007.45,6
862,Why Not Me?,Action,Adriaens Labrom,2000,NC-17,5.5,297,United States,Frances,254251384,5
863,Five Minarets in New,Drama,Pennie Danbrook,2018,PG-13,9.8,112,United States,Spanish,153616244.5,4
864,Five Children and It,Drama,Alyss Drust,2000,R,7.7,293,United States,English,287279361.3,2
865,Taming of the Shrew,Drama,Coral Babcock,2018,G,5.4,88,United States,Frances,9663570.49,14
866,Boy with Green Hair,Horror,Wendye Meaton,1991,PG-13,3.2,72,United States,Frances,114198258.3,15
867,Dangerous Davies: Th,Romance,Monique Tommasuzzi,2007,PG,2.2,80,United States,Frances,22090063.27,3
868,Couples Retreat,Drama,Donnell Bennington,2003,PG-13,6,254,Canada,Frances,137302237,12
869,True Confession,Action,Stephen Gladdis,1991,PG-13,6.1,253,United States,English,120025810.6,13
870,Tropico,Horror,Dorita Dowtry,2015,R,4,193,Canada,English,153363730.3,0
871,Woman Next Door,Action,Felic Nursey,2000,NC-17,7.7,196,United States,Spanish,254177380,15
872,Something Wild,Romance,Juliann Ellin,2000,PG,6.4,144,United States,Frances,67018017.25,10
873,Business Man,Drama,Sonya Immins,2020,PG,0.1,57,Canada,Frances,249551210.1,2
874,Getting It Right,Horror,Joice Ridewood,2013,G,6.4,181,United States,Spanish,22140831.9,7
875,The Alarmist,Drama,Ag Todarello,2005,R,7.1,22,United States,English,136405408.6,2
876,Meet the Fockers,Action,Anastassia Andrichuk,2011,PG-13,8.2,180,United States,Frances,264874972,10
877,Seventh Heaven,Romance,Bertrando Renault,1991,PG,8.5,144,Canada,Spanish,32346315.79,10
878,Two romances,Romance,Crysta Sibary,2002,PG,7.6,265,Canada,Frances,55823497.76,15
879,Marine Miracle's,Comedy,Norby Saywood,1995,R,1.4,68,United States,Spanish,228171044.2,0
880,All Night Long,Comedy,Sully Fender,2019,G,7.3,125,Canada,English,112326418,0
881,Wanda Sykes,Drama,Vaughan Mardlin,2002,G,1.8,200,Spain,Frances,13545010.07,15
882,Beck - Familjen,Comedy,Ursa Podmore,2007,PG,4.7,53,United States,English,155686574.5,4
883,Paranormal Activity ,Romance,Margy Deniseau,1998,G,7.6,252,Canada,Frances,221058547.2,0
884,Genevieve,Action,Rasia Whitehurst,2000,PG-13,0.9,266,Canada,English,87569497.45,11
885,The Giant of Yeti,Horror,Karrah Willets,1999,NC-17,1,199,United States,Frances,71981484.48,10
886,TerrorVision,Horror,Susy Bruckmann,1992,R,8.5,166,United States,Frances,78127044.03,9
887,Pat Garrett and Bill,Action,Lethia Brantzen,1990,NC-17,3.7,79,United States,Frances,248448264,12
888,Bhutto,Comedy,Verena Orrocks,2003,R,8.7,132,United States,Spanish,234901092.7,0
889,Father of the Bride,Action,Tatiania Petric,2001,NC-17,6.1,210,Canada,Spanish,46308706.79,12
890,The Red Winnetou,Romance,Josh Mullane,2016,G,8.3,132,United States,Spanish,279044117,8
891,Piled Higher and Dee,Romance,Garrick Sandwich,2007,PG-13,5.3,77,United States,Spanish,219707927.5,1
892,Pierrot le fou,Horror,Beau Kuhne,1999,PG,2,164,United States,Frances,173354403.8,11
893,Wake,Drama,Leopold Sybbe,2022,PG-13,4.4,134,United States,English,58139770.08,6
894,Stingray Sam,Horror,Perle Valero,1998,PG-13,2.9,46,Canada,Spanish,130634687.5,8
895,Dancer in the Dark,Comedy,Goldina Dowbiggin,2020,PG,3.2,156,Canada,Spanish,67949562.05,6
896,Kira's Reason: A Lov,Comedy,Nevile Challicum,1999,PG-13,9,72,Canada,Frances,199161414.6,6
897,God Grew Tired of Us,Romance,Rozina Headrick,2009,NC-17,6,61,Spain,Frances,88919261.1,9
898,2081,Horror,Gabriel Maywood,2015,R,1.6,121,United States,English,154513623.7,8
899,Berlin Express,Comedy,Charmian Detoc,2022,NC-17,9.1,284,Canada,English,32418073.54,2
900,Confessions of a Win,Action,Clevie Snazle,2020,PG-13,3.2,273,United States,Spanish,51159590.82,8
901,Emperor Jones,Action,Christian Peerless,1994,PG,4.4,16,Canada,Frances,213483540.6,0
902,Cimarron Kid,Drama,Westbrook Maunsell,1990,G,1.4,268,Canada,Spanish,194359073.7,8
903,World Traveler,Horror,Ugo Taylor,2012,NC-17,6,109,United States,Spanish,95164052.39,15
904,Universal Soldier,Romance,Gil Gulk,2002,R,7.7,3,United States,Frances,286288498.2,12
905,Atlas Shrugged: Who ,Drama,Sonni Harewood,2002,PG,5.3,121,Canada,Spanish,188914471.8,0
906,House of Luis,Action,Arin Gerding,1997,NC-17,4.3,13,United States,English,133308028.5,9
907,Le ultime ore di una,Horror,Nikos Meeks,2007,PG,6.2,191,United States,English,176582744.3,10
908,Justice League: The ,Action,Alastair Boumphrey,2013,R,0.4,24,United States,Spanish,152622597.2,5
909,Last Time I Committe,Romance,Celeste Kirman,1990,NC-17,8.4,286,United States,Frances,153052809.4,14
910,Survival in the Woods,Action,Jacklin Gavrielly,2007,PG-13,8.3,69,Canada,English,47853873.16,13
911,Blues in the Night,Horror,Roxie Petlyura,2001,NC-17,9.7,217,United States,Frances,110544233.6,10
912,Black Christmas,Drama,Galvan Hughes,2005,PG,1.9,139,United States,English,161304272,14
913,Mesrine: Killer Inst,Romance,Westley Aulsford,2000,PG,1.2,135,United States,English,62404217.39,10
914,Inspector General,Drama,Reta Ogborn,2020,R,6.4,290,United States,English,221787602.6,8
915,Shanghai,Drama,Irene Kowalski,2022,R,4.5,129,United States,English,202691779,5
916,The Cabin,Horror,Hanni Burgott,2012,R,5.2,296,United States,Spanish,114570619.5,12
917,Keys to Tulsa,Romance,Hana Hovel,2018,G,9.1,209,United States,English,153188037.8,6
918,Big Shell Core,Drama,Seana Derycot,2008,PG-13,2.3,96,United States,Frances,13576955.36,0
919,Asphalt,Drama,Broddy Iltchev,2011,PG-13,9.5,17,United States,Frances,217027602.9,15
920,Tungsten,Comedy,Godart Cutridge,2007,PG,5,179,United States,Spanish,288642100.4,15
921,Mortel transfert,Horror,Lotty Camocke,2014,G,4.6,84,Canada,English,52363060.55,4
922,Forgetting the Girl,Drama,Cassey MacKnight,1990,PG-13,0.4,182,United States,English,288765312.2,13
923,Hannah Takes the Sta,Horror,Fayina Ewell,1991,G,3.1,105,Canada,English,128293358.1,11
924,True Heart,Drama,Darwin Castaignet,2018,R,8,246,United States,Spanish,136404207.7,8
925,Loner (Woetoli),Comedy,Rasia Whitehurst,2013,PG,0.4,288,United States,Frances,270583530.7,4
926,Blue Crush,Drama,Mellisent Hatfull,1998,R,4.8,54,United States,Spanish,52039860.93,13
927,Black Book,Romance,Skylar Hertwell,2017,PG-13,3.5,279,United States,English,184758066.8,2
928,Sugar Hill,Romance,Page Sweatman,1990,G,5,167,United States,Spanish,279797492.1,10
929,Distinguished Gentle,Drama,Charlean Kayser,1991,NC-17,8.9,8,Canada,Frances,232083640.3,2
930,Adam & Steve,Action,Lacey Konneke,2022,PG,4.9,227,United States,Spanish,67669632.72,6
931,Mon Paradis - Der Wi,Comedy,Calvin Denman,1992,PG-13,2.8,6,United States,Spanish,233916285.4,8
932,Backtrack,Romance,Heall Thunderchief,2010,R,7.5,47,United States,Spanish,254882491.1,0
933,Couples Retreat,Horror,Raimundo Penk,1993,NC-17,5.1,80,United States,Spanish,73189530.22,13
934,This Land Is Mine,Action,Jacques De Laspee,2004,PG-13,3,189,United States,Spanish,227855956,6
935,Story of Ms. O,Action,Fonz Machin,2004,PG,7.9,228,United States,Frances,171757370.8,13
936,Horse Rebellion,Romance,Phyllis Bierman,2014,PG-13,0.4,210,United States,Frances,26223814.09,3
937,Zapped!,Romance,Deni Broseke,1995,PG,1.4,137,United States,English,189023091,7
938,Devil's Due,Comedy,Vite Gippes,2006,PG,9.2,59,Canada,Spanish,103872138.5,4
939,Tango Kabaree,Comedy,Tracee Castagne,2009,PG-13,4,71,United States,Spanish,236900809.8,11
940,Black Swan,Romance,Chaim Behnke,1991,G,1.7,276,United States,English,206995092,4
941,Pulgasari,Action,Lorens Plum,1995,PG,5.1,131,United States,English,13397028.51,14
942,American Teen,Horror,Ginelle McEnhill,2006,R,9.3,66,United States,Spanish,55088191.57,0
943,Power and Terror: No,Comedy,Inna Shew,2001,NC-17,3.3,99,United States,Spanish,14760884.94,10
944,Land of Happines,Comedy,Parnell Groombridge,2000,G,5.7,57,United States,Frances,275539154.6,6
945,Brother from Another,Horror,Jeno Andrejs,2001,NC-17,8.4,241,United States,English,96977235.9,11
946,Street Fighter,Drama,Aldridge Heffron,1997,PG,7.4,37,Canada,Frances,181809695.9,12
947,Death Hunt,Comedy,Modesta Cornillot,2001,G,9.8,79,United States,Frances,45623451.35,8
948,House,Drama,Zaccaria Blodg,1996,PG-13,4,137,Canada,Spanish,107116958.6,1
949,Camille,Action,Eziechiele Plumtree,1993,PG-13,2.4,25,Spain,English,225565606.6,9
950,Then I Sentenced,Romance,Rasia Whitehurst,2011,G,2.6,107,United States,Frances,34207983.45,3
951,Neds,Drama,Gal Treker,2011,PG,8.6,93,Canada,Spanish,78949010.91,6
952,Hoffa,Drama,Angel Penny,2019,PG,4,86,Spain,Frances,202992282,13
953,Manxman,Horror,Wilek Gainseford,1997,PG,9.8,30,United States,English,141869294.7,7
954,Interview,Horror,Cindie Hoofe,2022,PG,4.3,263,United States,English,146710228.4,11
955,Koti-ikävä,Horror,Manon Luparto,2012,NC-17,4.4,162,Spain,Frances,30273377.22,12
956,Wind and the Lion,Comedy,Adela Ades,1999,R,7.4,262,Spain,Spanish,116157319.9,0
957,Nothing to Lose,Horror,Meara Meake,2018,PG,8.5,56,United States,Frances,130225051.3,12
958,Happiness Is in the ,Comedy,Tanner Sheards,1997,R,3.3,39,United States,Spanish,23736414.06,7
959,Saint in London,Comedy,Kata Marginson,2006,PG,1.2,34,United States,Frances,128143558.8,11
960,Harem suare,Drama,Nicolais Sykora,1995,R,4,294,United States,English,239535764.2,6
961,Goodbye Charlie,Action,Verina Vokins,2017,G,9.8,69,United States,Frances,217745063.5,13
962,Tangerines,Comedy,Ambrose Coote,1996,NC-17,4.2,52,Canada,Frances,287565713.3,8
963,Once a Thief,Drama,Mort Wellan,1992,NC-17,7.2,54,United States,Spanish,72438538.34,3
964,DiG!,Romance,Ennis Parman,1990,R,4.6,229,United States,Frances,151837085.5,11
965,Justice and Pain,Comedy,Lyman Beglin,2011,PG,4,198,United States,English,273118994.9,6
966,Dumb and Dumber To,Comedy,Nathanil Livoir,2008,R,6.5,19,United States,Frances,53106667.24,11
967,Man Who Loved Women,Romance,Gretta Christoffels,2014,NC-17,2.2,31,United States,English,298920937.9,14
968,Crash,Romance,Brod Real,2017,R,5.2,228,United States,Spanish,128040137.6,1
969,Glass House,Horror,Salmon Garter,1991,PG,5.8,221,Canada,Spanish,112772108.8,8
970,In the Shadow of the,Horror,Benjy Drance,2018,G,8.2,96,United States,English,152100720.5,13
971,Eight Miles High,Horror,Andreana MacCombe,2014,G,6.3,138,United States,English,6923765.42,11
972,Laura,Action,Janenna Mattinson,1998,NC-17,0.3,47,United States,English,188943346.1,14
973,Das Leben ist nichts,Horror,Aleda Karlsen,2009,G,8.8,106,United States,English,80004538.87,11
974,Holiday,Romance,Lyman Beglin,2013,R,6.1,50,Canada,Spanish,75425104.08,9
975,Rosetta,Romance,Shelley Bougourd,2015,G,3.2,300,United States,Frances,16023991.26,14
976,Santa Claus Is a Sti,Horror,Ariela Pauly,2009,PG-13,3.8,17,United States,Frances,129517112.4,9
977,Full Metal Jacket,Romance,Marylou Henighan,2000,G,9.3,263,Canada,English,22640284.43,8
978,Facing the Truth,Comedy,Kyle Bassano,1994,R,6,5,United States,English,144195499.7,12
979,Outlaw and His Wife,Romance,Willi Kwiek,2008,G,2.6,290,United States,English,263029164.5,5
980,Song of the Little R,Romance,Myrvyn Dericot,2014,PG,3.8,175,Canada,Spanish,149835342.8,7
981,Matter of Taste,Action,Efrem Roman,1997,R,7.6,133,United States,Spanish,103279402.3,14
982,Capricorn One,Drama,Aluin Tilby,2020,NC-17,1,83,United States,Spanish,52465787.5,5
983,Too Many Cooks,Action,Florry MacCourt,2011,NC-17,2.1,14,United States,English,12014381.4,13
984,Brigadoon,Drama,Caroljean Agus,1997,NC-17,9.5,84,United States,English,254779657.7,3
985,Blood Feast,Horror,Bari Iacobini,2015,PG-13,5.8,2,United States,Spanish,78371802.9,11
986,Little Girl,Horror,Hillel Messent,2001,R,2.5,100,United States,English,228425916.7,5
987,Entertainer Park,Romance,Penny Thay,1997,R,1,122,Canada,Spanish,79149978.33,5
988,Clean Slate,Drama,Torr Peplow,2014,NC-17,0.7,207,United States,English,160569919.5,12
989,Ju Dou,Drama,Nicky Witch,1992,R,5.8,264,United States,Frances,186075337.9,3
990,Limbo,Romance,Minerva Loverock,2008,NC-17,0.2,289,United States,Spanish,257613343.9,1
991,Adult Camp,Action,Mal Burtwell,2019,G,5.1,13,United States,Frances,86569679.18,8
992,Red Eye,Drama,Julissa Aloshechkin,2003,NC-17,3.6,39,Canada,Frances,20663455.44,6
993,Huey P. Newton Story,Comedy,Leonardo Jankovsky,1992,R,1.4,287,Canada,Spanish,296205477.5,4
994,Librarian of Elizabeth,Comedy,Magdaia Juszkiewicz,1999,G,7.2,91,Canada,English,186679600.6,11
995,Equinox,Horror,Murdock Snasel,2002,PG,3.1,87,United States,Frances,256861273.9,7
996,Fifth Shades of Grey,Horror,Zebedee Sanchiz,2010,G,4.1,23,United States,English,49107610.12,11
997,Outsourced,Drama,Edwin Osgodby,2012,G,0.1,5,United States,Spanish,18436014.65,14
998,Seven Angry Men,Drama,Napoleon Roncelli,2004,PG-13,9.1,186,Canada,English,286040479,6
999,Booker's Place: A Mi,Romance,Darn Blue,2009,PG-13,3.4,179,United States,Spanish,124491476.1,10
1000,Alice in the Cities ,Romance,Wash Doorly,2010,G,3.4,141,Spain,Spanish,211248773,7
1001,Every Night Dreams ,Comedy,Egbert Casewell,2014,PG-13,6.6,167,Canada,English,121344885.9,9
1002,Always for Pleasure,Drama,Myrtie Scouller,2002,G,4.8,143,Canada,Spanish,202405822.7,6
1003,Get Carter,Action,Glyn Wimes,1995,PG-13,3.9,74,United States,Frances,39660858.15,3
1004,Prize Winner of Defi,Drama,Morlee Boldock,1999,G,9.6,227,United States,Spanish,165313411.6,5
1005,Possession,Action,Ricky Brigdale,2021,PG,5.1,22,United States,English,127590303.6,10
1006,ComDads of Universe,Action,Grant Ubsdall,1991,PG-13,9.3,251,United States,Frances,126768009.1,0
1007,3 Rooms of Melanchol,Comedy,Allix Clines,1998,R,3.9,126,United States,Frances,15092713.93,8
1008,Adopted,Action,Daron Freckingham,2005,R,1.6,117,United States,English,277427349.3,4
1009,I Start Counting,Romance,Trefor Cino,2003,NC-17,1.5,269,Canada,English,161013731.8,13
1010,Clash of the Titans,Comedy,Devy Gerhts,1998,PG,0.8,252,Spain,Frances,267001852.7,5
1011,Double Dare,Horror,Lem Arents,2020,PG,3.2,276,United States,English,250963820.1,2
1012,Human Condition II,Horror,Helenelizabeth Burtwistle,2002,PG,4.8,132,Spain,Frances,279716975.5,7
1013,Day of the Outlaw,Action,Delilah Karolovsky,2016,G,8.7,36,Canada,Frances,270498589,4
1014,Soldiers of Fortune,Romance,Kelvin Drayson,1991,NC-17,6.1,281,Canada,Frances,86359325.82,3
1015,At the Earth's Core,Comedy,Elise Ashbee,1995,PG,3.3,19,Canada,Frances,278117984.2,0
1016,Tree Uncut Gems,Action,Agustin MacGall,2018,G,6.2,207,United States,English,260939947.8,5
1017,Wait Until Dark,Action,Cairistiona Guidetti,2016,PG-13,2.1,9,Canada,Spanish,191505397.5,1
1018,Welcome Homen Jaime,Romance,Guenevere Veck,2010,NC-17,3.6,20,Canada,Spanish,277735237.8,13
1019,Circle of Eight,Romance,Ruthe Fellgatt,1991,NC-17,1.2,200,United States,Spanish,73715133.57,7
1020,Before the Rains,Horror,Nevins Borsi,2017,PG,6.5,204,United States,Frances,152899144.6,7
1021,Damned the Day I Met,Action,Ainslee Roll,1998,NC-17,9.7,268,United States,Frances,286483061.9,7
1022,Crimes of the Heart,Horror,Will Gluyas,2016,G,1,181,United States,English,92539509.21,13
1023,Land Before Time,Drama,Cecil Dobel,2021,PG-13,4.3,112,Canada,Spanish,60692129.14,0
1024,Wizards,Comedy,Carroll Gross,2004,G,8.9,65,United States,English,172483817.9,13
1025,Whispering Corridors,Action,Ruthy Farfull,1994,G,3.5,134,Spain,English,176725449.2,6
1026,Marrying Kind,Romance,Tommie Starcks,2016,NC-17,9.7,240,Canada,English,297160467.4,10
1027,For No Good Reason,Drama,Cosette Davydochkin,2018,R,4.4,213,Canada,English,124175504.5,1
1028,Sex Is Comedy,Romance,Aluin Joskowitz,1993,PG-13,5.9,35,United States,Frances,158066369.6,1
1029,i hate myself :),Horror,Benedetta Smorthwaite,1996,PG,4.7,209,Canada,Spanish,97069017.19,7
1030,Squirm,Romance,Lyndsay Polding,1998,G,2.2,146,Canada,Frances,203606287.8,5
1031,May 6th (06/05),Comedy,Mervin Itter,2021,G,1.9,246,Canada,English,146779290.9,11
1032,Persepolis,Action,Stephana Postlethwaite,2022,G,3.5,259,United States,Spanish,8371314.47,11
1033,Frankenhooker,Horror,Caz Tench,1990,R,3.9,52,Canada,Frances,104949661.3,11
1034,American Bandits: Fr,Action,Ruth Dolohunty,1992,PG-13,1.3,146,United States,Frances,133778926.6,6
1035,Spook Who Sat by the Tree,Drama,Bunnie Flew,1992,NC-17,7.4,193,United States,Spanish,207566691.6,6
1036,Disney Princess Coll,Drama,Peri Ferrario,1991,G,6.4,97,Canada,Spanish,219392715.8,8
1037,Flying Fleet,Action,Bronny Denney,1990,G,5,220,United States,English,173540380.3,2
1038,Belles on Their Toes,Comedy,Alejoa Baitey,1992,R,6,221,Canada,English,225255971,14
1039,Furry Vengeance,Drama,Claude Pods,1999,NC-17,4.7,20,United States,Frances,174718820.5,4
1040,The Woman on Pier 13,Action,Antonin Naris,2010,NC-17,3.7,264,United States,English,105277934.8,6
1041,Salvation Boulevard,Action,Sigfried Chattock,1994,PG-13,3.9,14,United States,Spanish,183785980.5,2
1042,Scream 2,Romance,Emmye Yanshinov,2012,NC-17,2.3,282,United States,English,45964392.73,7
1043,Last Exorcism Part I,Comedy,Jami Georgins,2000,PG-13,6.5,185,Canada,English,29111506.21,11
1044,Chain Reaction,Action,Windy Seyfart,2013,R,8.7,60,United States,English,139607449.3,12
1045,Sugarbaby,Horror,Aguie Meindl,1991,PG,6.4,139,Canada,Frances,240847477.6,1
1046,As I Was Moving Ahea,Action,Heriberto Olczak,1998,PG,6.7,220,Canada,Frances,8827178.72,11
1047,Edmond,Action,Marlo Nazaret,2018,G,0.3,262,Canada,Spanish,142950785.9,3
1048,Designated Mourner,Drama,Gussy Danzey,2007,PG-13,1.5,25,Canada,Frances,120243940.8,12
1049,Mr. Wrong,Action,Christina Nickels,2009,G,3.2,1,United States,Spanish,90440457.43,14
1050,The Frame,Drama,Cicely Cluett,1990,PG-13,3.4,48,Canada,Spanish,265176447,7
1051,House of Mirth,Romance,Pauly Candey,2013,NC-17,8.1,68,United States,Frances,289214189.1,5
1052,Mystic River,Drama,Crin Bridges,2020,G,1.3,175,United States,Frances,91487955.11,3
1053,Perils of Pauline,Romance,Bill Daen,2002,PG,1.5,121,United States,English,179969755.3,13
1054,Snitch Cartel,Romance,Filia Coulman,1993,G,7,100,Canada,English,14200308.16,4
1055,The Boogens,Comedy,Ashley McCarron,2022,PG,5.4,257,United States,Frances,131018909.6,4
1056,Susan Slept Here,Drama,Roz Amorts,1997,NC-17,4.6,64,Canada,Spanish,55185448.37,0
1057,Gorko!,Horror,Donica Peirpoint,2001,PG,6.6,206,United States,English,157373513.9,10
1058,Milagro Beanfield Wa,Drama,Sherry Cooling,2013,R,1,33,United States,Frances,289398927.9,10
1059,Return to Life,Action,Hestia Ainge,2015,PG,6.6,269,United States,Spanish,135281298.4,13
1060,Guide to Recognizing,Drama,Toni Painter,2020,PG,7.8,12,United States,Spanish,88091315.51,11
1061,Never Take Candy fro,Action,Marget Harkin,1991,PG-13,8.8,297,Canada,Spanish,237673246.5,6
1062,Couples Retreat,Horror,Bambie De Freyne,1994,G,0.5,102,United States,Spanish,151745795.7,6
1063,Kitchen in Paris,Romance,Tallie Brogiotti,1996,PG-13,7.7,146,United States,English,177235293.5,11
1064,Sea of Grass,Horror,Vite Bewshaw,1996,G,3.8,46,Spain,Spanish,76075988.76,7
1065,Gymnast,Action,Desi Dayne,2004,G,3.5,160,United States,Spanish,223803561.2,9
1066,Rabbit Without Ears ,Comedy,Anneliese Founds,1994,NC-17,7.3,107,United States,English,56598098.92,0
1067,Bachelorette,Action,Rolph Pickersgill,1993,PG-13,5.9,81,Canada,Frances,174771253.3,6
1068,Pudana Last of the L,Drama,Marielle Balling,2019,G,6,180,United States,Frances,216100208.5,12
1069,Maniac Cop,Comedy,Tommie Birkmyre,2002,PG-13,8.5,242,United States,Frances,208765692,5
1070,Getting Even with Da,Drama,Stillman Glancy,2010,R,0.8,11,United States,English,144410638.4,2
1071,Behind Blue Skies,Horror,Adriaens Senechell,2012,NC-17,4,299,United States,Frances,263749213.1,12
1072,Gabbeh,Comedy,Mady Fink,1998,NC-17,4.6,31,United States,Spanish,207183907.7,11
1073,Local Color,Action,Bebe Moscon,2000,R,7.7,220,Spain,Spanish,255375843.4,5
1074,Old School,Comedy,Nicholas Bastie,1994,NC-17,8.2,297,Canada,English,147424706.8,2
1075,Invaders from Mars,Comedy,Rip Jenckes,2011,PG-13,5.3,184,Spain,Frances,36093833.75,5
1076,Cat in the Hat,Romance,Eddi Andrivel,2005,NC-17,7.1,180,United States,Spanish,16687858.06,1
1077,16 to Life,Comedy,Elliott Ovitz,2002,R,0.7,56,United States,Spanish,104993218.8,9
1078,Breaker Morant,Horror,Kylie De la croix,2016,PG,5.8,179,United States,Frances,65146407.63,9
1079,Metallica: Some Kind,Action,Lorri Clawley,2007,NC-17,2,141,United States,Spanish,120490070.7,15
1080,Wagon Master,Action,Jarid Goldstraw,2007,G,8.6,168,United States,Frances,72807354.01,4
1081,Old School,Comedy,Christos Tartt,2004,R,7.9,265,United States,Spanish,178794095.5,5
1082,Premiers désirs,Drama,Libby Blaker,2019,NC-17,9.8,32,United States,Spanish,209491091.3,14
1083,Shopworn Angel,Horror,Cherise McKim,2012,NC-17,3.5,39,United States,Frances,72109055.51,14
1084,Have Dreams of Minecraft,Comedy,Amargo Aldgate,1994,R,9.7,281,Canada,Frances,127721218.2,8
1085,Conflagration,Action,Perla Longthorn,2016,PG-13,0.7,43,Canada,Spanish,229713202.8,6
1086,Miami Connection,Comedy,Shelley Bulmer,1996,NC-17,4.3,255,United States,English,212892580.1,10
1087,Next Day Air,Action,Christina Nickels,2006,NC-17,4.9,161,Canada,English,235869619.4,14
1088,César,Drama,Clifford Odcroft,2016,G,1.7,109,Canada,English,77214436.03,0
1089,Lawless Breed,Drama,Courtnay Wrightam,1997,G,4.7,147,United States,English,273222002.6,10
1090,Buried Alive,Horror,Tootsie Bernt,2010,PG-13,7.7,34,United States,English,159335418.5,13
1091,Return of Doctor X,Action,Alene Francois,1997,PG-13,4.9,48,Canada,English,268525792.1,14
1092,Welcome to the Roses,Romance,Barnabas Portress,2003,R,1.1,247,Spain,English,86623631.88,8
1093,Hotel Hell Vacation,Comedy,Erny Doreward,2021,G,2.7,247,Spain,English,57416652.35,1
1094,It's Always Fair Wea,Action,Moll Millmoe,2010,G,8.6,262,Spain,Spanish,147945461.9,2
1095,Monkey's Tale,Action,Vanna Mateuszczyk,1996,PG,4.1,265,Spain,Frances,175520264.7,11
1096,Brother Rat,Action,Petronella Domleo,2011,R,7.9,212,Canada,Spanish,164491441.8,15
1097,Harriet the Spy,Drama,Lovell Wegenen,2018,NC-17,1.7,282,Canada,English,244493992.7,9
1098,Sprung,Action,Far M'Quhan,2018,PG,1.2,184,United States,Frances,10009494.82,4
1099,Bunch Of Amateurs,Horror,Woody Canceller,2016,PG,8.4,177,United States,Frances,253850487.6,5
1100,Urgh! A Music War,Action,Leia Showers,2001,PG-13,8.3,161,Canada,Spanish,154739181.1,13
1101,Love Liza,Horror,Maxim Albone,1991,R,8.6,88,United States,Frances,277248702.5,3
1102,The Party,Drama,Meade Hedlestone,1996,NC-17,7.1,84,United States,English,43671713.28,12
1103,Animal Crackers,Drama,Eugenie Vizor,2006,R,8.4,58,Canada,English,185281517.1,6
1104,Disco Dancer,Action,Breanne Drackford,2020,PG,3.2,118,United States,English,43350276.02,13
1105,Guilty Hearts,Drama,Alasteir Surmon,2009,R,6,94,United States,Spanish,56234509.01,6
1106,The Do-Deca-Pentathl,Action,Linnie Heggs,1993,NC-17,6.7,61,Canada,English,20507010.36,7
1107,Kiss of Death,Drama,Marv Tampin,1993,PG-13,8.9,22,United States,Spanish,242510296.4,0
1108,Le ultime ore di una,Comedy,Katya Brotherhood,2006,PG,9.8,141,United States,English,249618475.5,7
1109,Mystery Road,Drama,Rachelle Kondrat,2022,R,9.1,65,United States,Frances,178092878.5,14
1110,Rock School,Comedy,Terry Hazelgrove,2017,PG-13,6.4,158,United States,English,198425412.1,7
1111,Million Dollar Baby,Comedy,Ethe Alkins,2019,PG-13,1.1,289,Canada,Frances,232127579.1,3
1112,One Man Against the ,Comedy,Luci Pinnegar,2008,R,4.3,205,Canada,Frances,92081440.56,6
1113,MURDER and murder,Romance,Maura Jane,2017,PG-13,1.8,266,United States,English,267454603.4,7
1114,From the Earth to th,Horror,Doria L'Homme,2006,G,7.9,68,Canada,Frances,124960690.3,7
1115,Chinatown,Action,Lonnard Hare,2012,PG,1.7,270,United States,Frances,199111133.3,4
1116,21 tapaa pilata avio,Horror,Pippa Matzel,1995,G,3.7,273,Canada,English,271963818.9,11
1117,Bandit of Edward,Horror,Lenore Doge,2016,R,0.1,153,United States,Frances,44374281.59,9
1118,Resan Till Melonia,Drama,Milena Ellison,2000,R,5.5,258,United States,Frances,47671428.43,11
1119,Prince of Central Pa,Horror,Milena Ellison,2008,NC-17,7.3,170,United States,English,127113432.3,3
1120,Julie and Me,Romance,Ophelie Yanyushkin,2022,PG-13,0.2,142,Canada,English,142985299,9
1121,Junior Bonner,Action,Tory Hallahan,2020,G,3.1,209,United States,Frances,65833267.7,9
1122,Letters to Juliet,Horror,Nisse Pitchford,1993,NC-17,3.2,144,United States,Spanish,263581110.4,10
1123,Down to the Sea in S,Comedy,Ginger Brazelton,2020,PG-13,9.4,236,United States,English,76144223.99,6
1124,Pink Panther 2,Action,Elnar Havvock,2008,PG,8.8,87,United States,Frances,103233827.2,7
1125,The Distance,Horror,Mick Undy,2010,PG,3.3,102,United States,English,30319059.35,3
1126,Liberal Arts,Horror,Lindi Sweatman,1995,R,9.1,65,Spain,Spanish,171837564.5,13
1127,Anonymous,Romance,Lindie Chapple,2015,NC-17,2.6,202,United States,Frances,277365839.1,6
1128,Kivski Freski,Romance,Angie Tilsley,1994,PG,4.6,22,United States,Frances,67907309.96,15
1129,Inauguration of the ,Romance,Dermot Fleote,2002,PG,7.5,271,United States,English,287726500.1,11
1130,Confessions of a Dri,Horror,Milena Ellison,2010,PG,7.6,18,United States,Frances,196934128.1,4
1131,Ganes,Drama,Gordie Heiden,1996,G,9.6,74,United States,Spanish,32011121.23,3
1132,7th Floor,Horror,Torey Kier,1997,PG,0.6,46,United States,Spanish,226429940,1
1133,Southern Yankee,Drama,Milena Ellison,2002,PG,9.2,134,Canada,Frances,149494291.3,1
1134,Sherlock Holmes,Comedy,Meridel Ambrogioni,2010,PG,4.4,20,United States,English,161059199,14
1135,Blackbeard's Ghost,Comedy,Jephthah Scoggan,1995,R,0.2,112,Spain,Spanish,109487577,1
1136,Henry V ,Action,Jake De Cleen,2002,PG,4.2,91,Canada,Spanish,231300968.7,1
1137,Fantastic Voyage,Romance,Marylinda Baudains,2017,G,4.5,57,United States,English,111984763.9,9
1138,Diaries Notes and Sk,Drama,Kaycee Antonikov,2000,NC-17,3.3,228,Canada,Spanish,25858983.68,3
1139,April Love,Horror,Sonny Stevings,2014,PG,3.3,54,United States,Spanish,227001872.6,4
1140,Gimme Shelter,Romance,Danette Olenchikov,2020,PG-13,5.2,41,United States,Spanish,271945329.2,4
1141,Stories We Tell,Drama,Zara Babington,2020,R,3.9,225,United States,Frances,278678647.9,4
1142,Voodoo Dawn,Comedy,Verla Gillions,1999,PG,3,157,Canada,Frances,77192932.49,0
1143,Otakus in Love,Comedy,Lark McGeachie,1995,PG,5.5,79,United States,English,86926559.56,0
1144,Next Friday,Action,Myranda Debill,1996,PG,5.6,183,United States,Spanish,153124035.9,5
1145,Sword of Desperation,Romance,Rhianna Dicky,2016,R,8.3,148,Canada,English,35380234.47,2
1146,Garden of Eden,Drama,Mollie Steere,2007,NC-17,3.3,33,Canada,Spanish,179144680.8,6
1147,Finding Fela!,Comedy,Geraldine Botwood,2019,PG-13,3.8,187,United States,Spanish,16204908.89,7
1148,Ever Since the World,Horror,Krystyna Trappe,2003,R,5.9,163,United States,Frances,34755669.53,3
1149,The Statement of America,Romance,Simonne Revett,2017,R,0.5,109,Spain,English,223778451.9,12
1150,Conspirator,Drama,Katya Picard,2021,G,0.3,56,Canada,Frances,246028251.1,13
1151,Psycho III,Action,Ranique Hensmans,2003,NC-17,9.6,3,Canada,Spanish,149984855.1,4
1152,New Gladiators,Horror,April Frigot,2007,PG,7.3,141,Canada,English,34470846.68,5
1153,Sin of Madelon Claud,Horror,Reggi Matveiko,2002,R,5.6,189,Canada,English,141632583.5,11
1154,Die Is Cast,Drama,Morlee Catterall,2021,R,9.6,289,United States,English,208419175.4,15
1155,Severed Arm,Drama,Tiphani Galego,2006,R,0.7,69,United States,Spanish,223508102.6,15
1156,The Bone Snatcher,Action,Elsinore Jilkes,1998,G,1.3,121,Canada,Spanish,212179937.9,12
1157,Death of a Nation - ,Horror,Meridel Stoaks,1997,PG-13,9.3,174,United States,Spanish,42176078.47,6
1158,This Property is Con,Drama,Goddard Wedderburn,1994,R,6.5,169,United States,Frances,219533664.9,9
1159,Devil Wears Prada,Horror,Stephanus Mizzen,2004,PG-13,1.9,181,United States,Frances,240143553.4,1
1160,God Said 'Ha!',Romance,Erna Kahane,2012,G,9.3,105,Spain,English,31177936.9,8
1161,Life After People,Action,Zora MacGuffog,1998,NC-17,2.4,155,United States,Frances,241816664.6,5
1162,Zatoichi Goes to School,Romance,Joey Argont,2019,G,6.5,164,Canada,Spanish,11122952.73,5
1163,Dragon ball Z 04: Lo,Action,Farris Jevons,2013,R,2,192,United States,English,246299969.3,12
1164,Story of Ruth,Drama,Clive Ciotto,2020,G,9.9,185,Canada,Spanish,112140826.4,7
1165,Urban Justice,Romance,Vasily Milne,2006,PG,0.3,105,United States,English,188819397.5,11
1166,Ohio and the Mystery,Comedy,Zacharia Durnford,1992,NC-17,9.9,91,United States,Frances,245164695.8,8
1167,Seven Invisible Men ,Comedy,Ric Scurrer,2016,G,0.5,231,United States,English,45587520.31,9
1168,Preacher's Wife,Action,Penny Self,1998,PG-13,9.7,8,Spain,Spanish,54340964.88,14
1169,Castle Freak,Comedy,Gillie Maytum,2003,PG,2,179,United States,English,149641549.1,6
1170,Batman Forever,Horror,Dania Seal,2012,R,4,129,United States,Spanish,23625962.36,4
1171,Tyler Perry's,Horror,Sela Proudlock,2015,PG-13,3.9,220,Canada,English,252313954.7,14
1172,Guy and a Gal,Action,Shayne Spivie,2013,PG,2.3,259,United States,English,111144489.5,8
1173,Harlan County U.S.A.,Romance,Chloe Balfe,2011,NC-17,4,195,Canada,English,101129412.2,1
1174,Horror of the Zombie,Action,Sisile Roman,1994,PG,8.6,217,Canada,Spanish,257763124.1,12
1175,Long Night's Journey,Action,Allegra Gowdridge,2002,G,7.7,237,United States,Frances,149082997.4,11
1176,Batman: Assault on A,Horror,Malachi Stodhart,2011,G,8.8,141,United States,English,281444159.3,12
1177,Adam and Dog,Romance,Jessika Gossage,1991,PG-13,1.1,277,United States,Frances,82150284.1,0
1178,Who Is Cletis Tout?,Comedy,Angela Broady,2009,R,7.6,51,Canada,Frances,77044330.28,8
1179,Feast at Midnight,Romance,Lyndsey Rooper,2010,PG,7.8,239,United States,English,13284303.87,1
1180,Love Jones,Comedy,Brett Sowerbutts,2010,G,5.5,250,United States,English,62324608.58,11
1181,Cowboy,Drama,Staford Lethbrig,2017,R,1.9,88,United States,Frances,202505162.5,15
1182,One Week,Drama,Torrance Mariotte,2016,R,4.6,115,Canada,English,222244507.9,12
1183,Deuce Bigalow: Male ,Comedy,Dore Tumielli,2003,G,6.2,254,United States,English,48598312.92,12
1184,France,Action,Zacharie Roman,1993,G,5.8,85,Canada,English,10087412.85,6
1185,Pride,Horror,Osgood Myles,1995,PG-13,1.7,23,Canada,Spanish,285934330.8,0
1186,Daniel Travieso,Comedy,Shoshana Millington,2022,G,9.1,253,United States,Spanish,100214764.3,2
1187,Wee Willie Winkie,Comedy,Faye Acklands,1992,PG,7.2,58,United States,English,29024826.38,0
1188,Blackout,Horror,Nikolaus Wrenn,2012,R,3.2,180,United States,English,232963808.1,1
1189,Fill the Void ,Romance,Car Airdrie,2019,NC-17,0.4,258,Canada,English,117712368.3,0
1190,War,Comedy,Ethel Shewsmith,2009,PG-13,9.3,259,United States,Spanish,204712012.4,8
1191,Blank Check,Comedy,Tabbi Van den Hof,2002,G,1.1,54,Canada,English,259660905.1,13
1192,Five Senses,Comedy,Titos Gyrgorwicx,2015,NC-17,5.9,35,Canada,English,289624298.7,9
1193,The Magical Land,Romance,Lori Oakshott,1998,G,5.6,54,United States,Spanish,214081670.5,2
1194,All American Chump,Action,Elroy Orcas,2009,R,4.2,161,Canada,Frances,147172003,9
1195,Santa Claus: The Mov,Action,Mariejeanne Whimpenny,1997,NC-17,7.5,66,United States,Frances,227076512.8,10
1196,Soundtracker,Horror,Carissa Kirke,2005,NC-17,4.1,202,Canada,Spanish,80961122.91,14
1197,My Sister Eileen,Horror,Bibby Christall,2020,PG-13,5.1,90,Canada,Frances,84157742.63,2
1198,Cremator,Action,Milena Ellison,2021,G,2.6,278,United States,English,38833893.29,1
1199,Starbuck,Romance,Silvano Hudel,2020,PG-13,4.4,101,United States,Frances,211429476,0
1200,Wrong Number,Horror,Edlin Aberdeen,1991,G,5.4,258,Canada,Spanish,249084111.1,14
1201,District of Nicky,Action,Diana Dever,2009,PG,5.3,227,Canada,Frances,129628020.1,6
1202,The Fall Guy,Action,Winni Casine,1998,PG,8.7,128,United States,Frances,112245604.5,6
1203,National Lampoon's S,Action,Allyson Cubley,2007,PG,2.6,250,Canada,English,116680988.9,0
1204,Ricky Gervais Live 3,Romance,Alexa Heinonen,2005,PG,7.6,255,United States,English,160111203.8,3
1205,Unholy Three,Comedy,Llewellyn Carbonell,2001,G,2.9,289,United States,Frances,58908068.59,14
1206,Crime at the Chinese,Comedy,Alane Delgaty,1992,G,1.2,241,Canada,English,98025967.51,2
1207,Spirit Guy,Horror,Layne Stein,2006,PG-13,0.6,101,Canada,Spanish,191592792,4
1208,Koch,Horror,Michaela Blagdon,2007,PG,3,80,Canada,Spanish,47524049.34,7
1209,Prince of Jutland,Action,Dare Gergler,2011,PG-13,5.4,111,Canada,Spanish,143705218.9,3
1210,Shanghai Surprise,Action,Thorndike Callacher,2003,R,7.7,8,United States,English,278163897.5,6
1211,Mushrooming,Romance,Evin Akhurst,2016,PG-13,5.9,13,United States,Frances,36936205.75,5
1212,Raw Deal,Drama,Germain Labbet,1998,PG-13,6.5,289,Canada,Frances,214465530.5,2
1213,Bright Lights,Romance,Price Rickcord,1999,G,6,234,United States,English,107578853.6,8
1214,Privates on Parade,Action,Mathilda Davenell,1999,G,2,145,United States,English,215915624.1,7
1215,Long Goodbye,Comedy,Oralla Collocott,2001,NC-17,5.5,18,Canada,English,12700984.74,14
1216,Cyberbully,Drama,Ernesto Scoffins,2005,PG,0.6,37,Canada,Frances,96245834.77,15
1217,Restrepo,Comedy,Fawne Klemensiewicz,1990,R,6.6,213,United States,English,156828698.4,5
1218,Feast of July,Comedy,Shellysheldon Shoebrook,2018,NC-17,6.5,55,Canada,Frances,103762848.3,3
1219,Gitmek: My Marlon an,Drama,Darsey Kohrt,1990,PG,9.4,36,Spain,Frances,251229428.1,8
1220,Kept Husbands,Drama,Brendan Goady,2004,PG,6.8,142,Canada,English,68152183.84,13
1221,Disappearance of Ele,Horror,Aleda Kornalik,2019,NC-17,6.4,144,Canada,Frances,134598492.5,13
1222,Goodbye Dragon Inn ,Comedy,Jacob Langmead,2005,NC-17,0.1,98,United States,Spanish,92599060.2,13
1223,Jumper,Horror,Armin Aynsley,2015,PG-13,2,139,Spain,Spanish,139764005.3,14
1224,Shepherd,Drama,Leelah McGorley,2010,R,0.2,53,United States,English,97555907.03,2
1225,Spitfire Grill,Comedy,Zulema Christie,2007,G,9.1,249,United States,English,76381335.83,0
1226,Cake,Comedy,Willi Blockley,2022,R,3.4,87,United States,Spanish,141891444.8,10
1227,The Case of the Scoot,Comedy,Cybill Tremeer,1998,G,6.7,20,Spain,English,135678071.9,7
1228,Mille bolle blu,Drama,Nil Fittall,2009,PG,7.2,256,Canada,Frances,171038774.2,0
1229,Highlander: The Sour,Action,Wanda Boydell,2004,G,5.5,190,United States,English,122173144.5,10
1230,Safe House,Comedy,Eddi Ragg,2003,R,5.6,280,United States,Spanish,258937986.6,3
1231,Kingdom of Shadows,Drama,Debora Crayk,1994,NC-17,6.3,102,Canada,Frances,183303682.8,5
1232,Vampire's Kiss,Drama,Connor Breddy,2002,R,3.7,163,Canada,English,213854836.5,15
1233,Second Best,Romance,Samaria Elliss,2018,PG-13,7.2,27,United States,Frances,214888155.3,4
1234,A-Haunting We Will G,Romance,Iain Hambrook,2022,G,0.4,216,United States,Frances,193661951.3,13
1235,Stevie Nicks,Horror,Trumann Gannaway,2002,PG,2.5,189,United States,Spanish,261117049.9,9
1236,Earth (Zemlya),Action,Fiorenze Semon,2016,G,8.9,299,United States,Spanish,293161159.3,8
1237,Little Lili,Romance,Vita Simeon,2021,PG-13,5.6,269,United States,Frances,287043845.9,13
1238,Cube,Horror,Minny Vasyutin,1993,PG-13,5,140,United States,Spanish,140597103,12
1239,Gothika,Romance,Malia Bence,2015,R,9.7,158,United States,Spanish,193524709.8,11
1240,Cass Timberlane,Action,Sergeant Vannoni,2020,PG-13,8.9,47,Spain,Frances,18431244.32,9
1241,44 Inch Chest,Drama,Felisha Brosini,2008,G,9,99,Canada,English,255328444.6,1
1242,On Top of the Whale ,Horror,Katee Lynas,2021,NC-17,2.3,158,United States,Spanish,154470198.5,7
1243,The Stoker,Action,Chad Carryer,2015,R,6.7,137,United States,Spanish,130985368.7,14
1244,Someone Like Him,Romance,Kandy Bendell,2001,NC-17,2.3,211,Canada,English,58457928.77,3
1245,Addicted,Drama,Elise Gerrie,1999,PG-13,7.6,126,United States,Spanish,135306891.2,4
1246,The Inner Circle,Comedy,Ferdy Heinle,2015,PG-13,9.3,15,Spain,Spanish,269448487.1,11
1247,The Robot ,Horror,Almira Lafflina,2005,G,3.3,110,United States,Spanish,201891486.2,2
1248,Fantasia,Romance,Dev Hedditch,1998,G,6.6,2,Canada,English,126102159.5,10
1249,Babette Goes to War,Drama,Wildon Gales,1992,NC-17,7.5,55,Canada,Frances,22029938.1,15
1250,We Are from the Futu,Horror,Currey Whiffen,2014,PG,5.9,210,United States,Frances,266866702.3,3
1251,Summer at Grandpa's,Comedy,Huntington Ackwood,2006,R,2.1,20,United States,English,12800168.1,6
1252,The Nugget,Drama,Petronilla Lorek,2008,NC-17,1.4,269,United States,Spanish,186678160.5,6
1253,Hancock,Drama,Dante Casbolt,1990,NC-17,6.3,94,Canada,Spanish,84395945.18,5
1254,Pauline & Paulette,Horror,Chas Oxbie,2013,PG,3.1,252,United States,English,264464605.6,3
1255,Hoodwinked!,Horror,Hadria Neames,2009,R,8.4,298,Canada,English,185059047.4,4
1256,Phantasm,Horror,Perry Linham,2021,PG-13,5.6,90,United States,Frances,67250902.29,5
1257,Ludwig,Romance,Amil Sedger,1991,R,8.6,279,United States,Spanish,114119854.1,12
1258,Tale of Two Sisters,Comedy,Dorie Hugin,2012,NC-17,8.9,23,Canada,English,243612944.1,11
1259,Late Autumn,Action,Sharlene Thurlbourne,1999,G,7.8,21,Canada,English,240335315.4,11
1260,Humble Pie,Romance,Gerome Bocken,2006,PG-13,8.5,192,United States,Frances,92885974.58,9
1261,Coming Out,Drama,Harrie Raincin,2021,R,1.7,282,Canada,Frances,293027416.2,4
1262,Tears of April,Romance,Benedicta Connell,2013,G,8.3,167,United States,Spanish,50710459.78,9
1263,German Politics,Horror,Keith Benoey,1991,PG-13,7.8,248,Canada,English,68665195.79,1
1264,Satanic Rites of Dra,Romance,Cchaddie Meekings,2011,NC-17,8,92,United States,Frances,207310219.6,10
1265,Leo the Last,Drama,Angelita Cawte,1993,NC-17,0.3,122,United States,Frances,265667978.9,1
1266,Charlie Chan in The ,Comedy,Linc Stote,2016,PG-13,6.5,145,United States,Frances,290766323.7,13
1267,Even Cowgirls Get th,Action,Octavia Vick,2004,PG-13,5.7,274,United States,Spanish,230989744.9,12
1268,Buddy Boy,Romance,Milena Ellison,1998,NC-17,5.8,130,Canada,Spanish,122529003.2,8
1269,The Mexican,Horror,Kathy Bellsham,2017,NC-17,7.4,276,United States,Frances,82406929.55,6
1270,Disney Princess Coll,Drama,Garth Isworth,2001,NC-17,2.7,149,United States,English,224984177,9
1271,Fear Clinic,Comedy,Kristina Bolland,2003,PG-13,5.6,285,United States,English,276964449.7,14
1272,President's Lady,Horror,Hilary Huzzey,1996,NC-17,7.4,142,United States,Frances,214143341.9,2
1273,They All Lie,Action,Eldridge Huggons,1996,PG-13,4.3,185,Canada,English,216445927.3,3
1274,Gunfight at Dodge Ci,Action,Salomo Gravey,2001,PG,1.3,282,United States,English,143206736.5,5
1275,Merlin,Romance,Tanitansy Battin,2014,R,7.3,215,Canada,English,299391664,10
1276,Deceived,Comedy,Roselle Jubb,1998,R,10,71,Spain,Frances,263850800,6
1277,Blood Suckers from O,Comedy,Arni Papaccio,2005,G,2.4,230,United States,English,289701783.5,1
1278,Wings in the Dark,Horror,Heath Glancy,1997,NC-17,6.5,175,Canada,Spanish,30245536.26,0
1279,Flying Home,Horror,Care Durnford,1995,R,6,182,Spain,Spanish,44752875.88,9
1280,Raja,Action,Alford Leinthall,2008,PG,0.3,181,United States,Frances,267495608.8,15
1281,Bathory,Romance,Bethena Allmark,1997,G,1.3,253,Canada,Spanish,208427561.5,4
1282,Alligator,Drama,Tony De Clairmont,2018,PG,4.3,149,Canada,Frances,220732158.4,15
1283,Cockfighter,Horror,Nelson Laxon,2012,PG,9.4,37,United States,English,152799100.9,7
1284,Kinyarwanda,Comedy,Deva Stroder,2001,G,6.9,99,United States,Frances,121785104.1,11
1285,House That Dripped B,Romance,Rosita Chishull,2014,G,5,48,Canada,English,178822784,4
1286,Me and My Sister,Drama,Florinda Cecely,2022,PG-13,8.3,54,United States,English,60386687.05,2
1287,The Party,Drama,Elizabeth Ca,2021,NC-17,2.5,284,Canada,English,260667626.9,4
1288,Pandora's Promise,Drama,Bartram Janicki,1995,NC-17,5.9,48,United States,Spanish,80185055.46,13
1289,Lion King,Comedy,Langsdon McMurdo,2020,R,3.7,201,United States,English,287457570.4,10
1290,Nim's Island,Action,Magdalen Iianon,2008,PG-13,9.2,94,Canada,English,11696904.48,1
1291,Devil's Diary,Horror,Dru Jankowski,1990,NC-17,3,219,United States,Frances,287051155.2,5
1292,Dandelion,Romance,Herb Laise,1994,PG-13,4.3,137,Canada,English,244269925,13
1293,Heartbreakers,Drama,Hershel Almack,2006,R,9.6,207,United States,English,74596064.42,12
1294,Party of Chole,Comedy,Lonny Fobidge,1994,G,7.8,182,Canada,Frances,67521676.4,5
1295,No Logo,Comedy,Mara Attenborrow,2021,NC-17,2.2,291,United States,Spanish,62401370.17,1
1296,Birthday Girl,Drama,Minda Bucknill,2002,PG-13,7.8,69,United States,English,115380574.3,3
1297,Flowers of St. Franc,Drama,Edmon Schreurs,2006,G,4.6,212,United States,Spanish,17025127.76,13
1298,Paul,Drama,Isadore Grindlay,2016,G,7,83,United States,English,138162886.1,2
1299,How to Be a Man,Horror,Louie Gemson,2004,NC-17,4.7,161,United States,Frances,18152760.23,7
1300,The Brave Little,Horror,Merrili Ewart,2013,G,1.2,65,United States,English,19333398.3,6
1301,Homeward Bound II: L,Horror,Zeb De Souza,2014,R,6.3,254,Canada,Frances,134030495.8,15
1302,Secrets & Lies,Comedy,Clevie Popeley,2016,PG,5.7,199,United States,English,118868791,0
1303,Boy Named Charlie Br,Comedy,Nessy Creamer,2016,R,1.8,178,Canada,English,132276222.3,13
1304,Gun Fury,Comedy,Claudia Hacquard,2006,R,6.8,106,Canada,Frances,263732748.4,1
1305,Sebastian Maniscalco,Comedy,Douglass Carek,1993,G,1,37,United States,Frances,45600556.77,1
1306,Betty Boop's Hallowe,Action,Caressa Holby,2017,NC-17,3,66,Canada,Spanish,76075565.95,1
1307,On the Edge,Romance,Elise Osipenko,2020,PG,4.4,24,Spain,English,187564424.8,9
1308,October Country,Horror,Wendall Lillo,1991,G,1.6,203,United States,English,49123745.51,15
1309,Sacro GRA,Drama,Remy Cutford,2004,PG-13,2.5,226,Canada,Frances,190161730.4,9
1310,Goal! III,Horror,Sisely Janatka,2001,PG-13,9.3,264,United States,English,281411114.2,15
1311,I Love You Alice B.,Drama,Sammie Checkley,2013,NC-17,1.6,299,Canada,English,45378830.72,15
1312,Only God Forgives,Comedy,Ludvig Turn,2020,PG-13,5.9,98,United States,Frances,299949105.8,8
1313,The Losers,Comedy,Cristobal Rainon,2010,NC-17,8.1,199,United States,English,196064735.2,11
1314,Pride,Comedy,Wally Osmant,2001,NC-17,1.5,183,United States,Frances,251605052.4,3
1315,Who's Harry Crumb?,Drama,Alia Beddoes,2005,R,1.9,259,Canada,Spanish,152454041.1,4
1316,Bridges at Toko,Action,Row Robertz,2009,NC-17,7.3,129,United States,Frances,292904640.8,8
1317,RocketMan,Action,Faythe Thorburn,2004,PG-13,6.8,273,Canada,Frances,79908063.25,7
1318,Purple Rain,Drama,Doug Grenkov,2020,PG,6.6,28,Canada,English,224000200,5
1319,Solitary Man,Drama,Adriana Lashmore,2016,G,1.1,60,Canada,Frances,17284151.99,15
1320,Transformers,Action,Jenn Loftin,2021,R,5.4,126,Canada,Frances,72534456.66,5
1321,Ida,Comedy,Brittni Mattiacci,1996,G,5.2,15,United States,Frances,135982988.9,10
1322,Meteor,Comedy,Albina Bonallack,2006,NC-17,8.4,219,United States,Frances,199822552.4,2
1323,Sharpe's Gold,Horror,Nanci Hail,2003,PG,7.6,139,United States,English,154730126.2,11
1324,Cheeky (Trasgredire),Romance,Willdon Spellar,2016,R,9.6,251,Canada,English,289295880.2,10
1325,Les Tuche,Drama,Isadora Lethlay,2010,R,6.6,44,United States,Frances,39186419.65,12
1326,Loose Cannons,Comedy,Gusta Justham,2010,PG-13,6.7,144,United States,Frances,33766639.85,4
1327,Rejs,Drama,Darsie Lippitt,1996,G,6.6,88,United States,Frances,148985245.2,9
1328,Future by Design,Action,Benyamin Feighry,1990,G,6.8,261,Spain,English,158742150,15
1329,Street with No Name,Action,Viola Slocombe,1993,PG-13,0.7,219,United States,Spanish,120804233.8,11
1330,Scenesters,Romance,Kimball Bragger,1996,R,4.9,68,United States,Frances,141461764,12
1331,Here and Elsewhere,Romance,Vivie Ruffy,2018,PG,4.2,140,United States,Frances,149095042.8,8
1332,The Valley of Gwangi,Comedy,Yasmin Faulo,2020,R,2.8,220,United States,Spanish,51552696.05,6
1333,Dracula,Drama,Mildrid Sokell,2011,G,4.9,120,United States,English,157605494.4,2
1334,Make Your Move,Horror,Stephine Saiz,2021,NC-17,3.5,200,United States,Frances,9903473.15,5
1335,Whity,Drama,Rorie Boardman,2001,PG,4.8,6,United States,Spanish,16853506.01,7
1336,Tombstone,Drama,Mellicent Esparza,2008,G,1.4,12,Canada,Spanish,107994628.4,6
1337,Gods Must Be Crazy I,Romance,Octavia Vick,2013,PG,6.5,210,United States,English,128533981.2,3
1338,Frankenstein Must Be,Romance,Ailey Demcik,1992,G,5.1,155,United States,English,77690963.82,13
1339,Stay Alive,Romance,Marna Sabban,2009,NC-17,8.4,102,Canada,Spanish,49184484.39,14
1340,Naked Gun 33 1/3: Th,Horror,Lula Redsall,2006,PG,8.6,227,Spain,Spanish,79949469.06,14
1341,Kentuckian,Action,Whit Slimon,2011,G,6.5,95,United States,English,195566534.6,12
1342,Goal II: Living the ,Action,Cathee Deary,1997,R,3.3,112,Canada,Spanish,100001621.2,15
1343,Boys of Africa,Drama,Edgardo Goulborne,1994,G,1.9,226,United States,English,181066746.5,0
1344,Muertos,Action,Rozanna Romushkin,2020,PG-13,9.6,39,Canada,English,168535068.8,14
1345,Too Hot to Handle,Drama,Carin Francie,2020,G,7.4,244,Canada,Spanish,129323311.5,8
1346,Hitman The Legacy of Snake,Drama,Gothart Richt,2017,NC-17,8.6,47,United States,English,158973822.4,10
1347,Kill Bill: Vol. 2,Comedy,Leilah Palfreyman,2000,PG,8.9,292,United States,Frances,230965797.9,4
1348,Change of Address,Horror,Danyette Rummer,2020,R,8.8,290,United States,Frances,128877030.4,4
1349,Mississippi Masala,Romance,Leilah Dairton,2010,NC-17,2.2,296,United States,Spanish,77435248.35,6
1350,Carless Love,Horror,Rachael Roulston,2010,PG,1,131,United States,English,208410721.4,12
1351,Kickin It Old Skool,Romance,Rosene St Ledger,2014,G,2.4,103,Canada,English,244226327.1,14
1352,Canned Dreams,Horror,Kylie Dewane,2020,R,3.2,299,United States,Frances,218358843.6,15
1353,Mouth to Mouth,Horror,Farly Blinman,2003,R,7.1,220,Puerto Rico,English,92461363.99,9
1354,Bread and Roses,Drama,Betsy Moralis,2016,PG,3.8,32,United States,Frances,87692763.79,4
1355,Curious George,Romance,Ernest Duinkerk,2012,PG,6.5,40,United States,English,146532249.5,9
1356,Prophecy II,Drama,Octavia Vick,2012,PG,3.4,208,United States,Spanish,270258554.2,12
1357,K-11,Drama,Chicky Lightoller,2015,NC-17,1,227,United States,Frances,87403338.7,9
1358,Gantz: Perfect Answe,Action,Renell MacCahee,2004,R,4,53,Spain,Spanish,138929109.9,12
1359,Radio Days,Horror,Velma Eam,2016,G,0.1,113,Canada,English,220028651.2,15
1360,Gimme Shelter,Romance,Verina MacIlriach,2021,NC-17,1.4,278,United States,Frances,85456510.42,3
1361,Darkman,Horror,Karl Harradence,2015,G,2.6,298,Canada,Spanish,251164257.4,1
1362,Country Bears,Comedy,Fayina McGoldrick,2004,PG-13,1.6,158,United States,English,114986483.5,14
1363,Mission Bloody Mary,Action,Tiphani Churchouse,2007,G,9.4,227,United States,Frances,93840799.69,6
1364,Still Life,Comedy,Melvyn Bottjer,2001,PG-13,3.3,114,United States,English,93825420.68,10
1365,Steel Magnolias,Action,Xaviera Ternault,1997,PG,5.5,159,United States,Spanish,270127383.2,5
1366,Lola,Comedy,Emerson Clear,2015,R,1.1,91,Canada,English,49974878.88,2
1367,Last Time I Saw Arch,Horror,Tallou Blowne,2001,NC-17,0.8,9,United States,Spanish,92276947.69,11
1368,Doctor Zhivago,Comedy,Willdon Ivankin,1992,NC-17,2.3,263,United States,Frances,229018766.2,8
1369,Alive,Drama,Jacklyn Savidge,2016,PG,7.4,279,Canada,English,276173690.9,0
1370,Lady from Shanghai,Comedy,Kalina Penke,2017,PG-13,5.3,197,Canada,English,104364018.2,13
1371,Beowulf & Grendel,Action,Cello Mantz,2005,PG-13,5.9,271,United States,English,124308736.1,15
1372,Broken English,Comedy,Joeann Ayris,2002,R,4.8,205,Canada,Frances,9658557.51,2
1373,Summit,Romance,Umberto Moberley,1994,G,5.8,129,United States,Frances,251123658.5,8
1374,Lenny Bruce: Swear t,Horror,Hank Josling,1998,G,3.3,6,Canada,Frances,272449260.9,8
1375,Whisperers,Comedy,Doe Nickerson,2009,R,4.5,240,Canada,Frances,78192611.79,8
1376,Schmatta: Rags to Ri,Romance,Jacquette Ferreri,2006,G,5.1,78,United States,Frances,110619348,14
1377,Last Days on Mars,Comedy,Justin Marvell,2016,G,5,283,United States,Frances,127775614.5,9
1378,17 Again,Comedy,Boony Chadburn,2019,R,4.9,51,Spain,Spanish,254404975.7,0
1379,Best of the Best,Drama,Janene Impleton,2019,R,2.4,32,Spain,English,151389709.7,15
1380,It's a Disaster,Comedy,Willie Fordham,2013,PG,1.4,243,Canada,Frances,49616025.79,0
1381,True Romance,Horror,Octavia Vick,2006,R,1.8,291,Canada,English,274327273.1,14
1382,Madadayo,Romance,Roddie Walkington,2021,R,8.3,214,Spain,Frances,177538325.9,6
1383,Touching the Void,Romance,Sterne Reye,1992,G,8.3,119,United States,Frances,240948223.1,13
1384,Chemical Brothers: D,Romance,Ladonna Brinded,2017,PG-13,5,164,United States,Frances,143275743.7,9
1385,Strapped,Horror,Ronna Strotone,1998,R,8.9,180,Spain,Frances,221208369.8,6
1386,Tooth Fairy 2,Comedy,Ogdon Stading,2021,R,5,88,Spain,Spanish,104162428.2,7
1387,Love Games,Action,Katerine Kynson,2014,R,5.5,226,Canada,Frances,90322460.62,15
1388,Jesse Stone: Benefit,Horror,Faustina McKinley,2010,R,7.6,294,United States,English,293179022.7,0
1389,Bebe's Kids,Horror,Penrod Doreward,2004,G,1.4,159,Canada,English,51499557.66,5
1390,History of Postwar J,Action,Merna Grinnell,2012,PG,6.5,25,Canada,Spanish,71271562.53,5
1391,Medea,Horror,Rory Boerderman,2009,NC-17,7.1,297,United States,Spanish,268221634.3,10
1392,Logan's Run,Horror,Arabelle Clemmow,2002,G,5.1,130,United States,English,217236163.6,9
1393,My Sister Eileen,Drama,Brien Burgin,1994,R,8.3,60,United States,Spanish,219780166.6,9
1394,Children in the Wind,Romance,Iggy Geach,2008,PG-13,5.6,238,United States,Frances,152997319.5,1
1395,Boy of Dorian,Comedy,Dori Antonich,2001,PG-13,8.2,211,United States,Frances,63516211.68,15
1396,Rollover,Action,Chalmers Bristoe,2015,G,8.6,145,Canada,Frances,56119812.99,15
1397,Tale of Sweeney Todd,Action,Giffie Wheelband,2013,G,5.6,199,Canada,English,199988258.4,11
1398,Education for Death,Romance,Junia Stennett,2022,PG,2.8,196,Canada,English,178612670.6,13
1399,Things Behind the Sun,Action,Palm Ummfrey,1997,PG,6.6,230,Canada,Spanish,207194894.5,12
1400,Maybe Baby,Romance,Axel Fahy,1992,G,2.7,121,United States,English,104576952.9,2
1401,Splash and Dirty Dancing,Romance,Dalia Millier,1998,G,0.2,218,United States,Frances,82359332.24,12
1402,Speechless,Horror,Charissa Brickell,1992,G,7.3,203,Canada,English,202802343.1,8
1403,Santa's Slay,Comedy,Sidoney Pepis,1996,PG-13,0.8,84,United States,English,58424074.64,11
1404,Dirty,Horror,Normand Larwell,2017,PG-13,10,253,United States,Spanish,24605256.2,12
1405,International House,Romance,Lorinda Gidley,1994,NC-17,3.6,297,United States,Spanish,9710960.92,10
1406,Father of the Bride,Horror,Gratiana Bernini,2009,NC-17,6.9,266,United States,Spanish,189218503.7,9
1407,Foot Fist Way,Comedy,Rona MacAless,2003,PG-13,5.5,42,United States,Frances,41647186.87,7
1408,Planet of Snail,Comedy,Chicky Whether,2006,G,7,12,United States,English,25974264.14,0
1409,Asoka,Action,Cad Marcos,2007,R,6.3,244,Canada,Spanish,86884249,15
1410,Alexander's Ragtime ,Action,Cirstoforo Bohling,2020,PG,3.3,113,Canada,English,186006354.8,4
1411,Dr. Dolittle 3,Drama,Teddy Yedall,1998,NC-17,8.9,107,Canada,Spanish,36617409.4,1
1412,Police Python 357,Romance,Sapphire Spoor,2017,NC-17,3.7,142,United States,English,268052135.2,8
1413,Secrets of a Soul,Comedy,Cathryn Dicker,2001,PG,4.8,94,Canada,Frances,179782719.9,12
1414,Visitor Woods,Drama,Worthington Di Angelo,2010,R,1.9,258,United States,Frances,264679341.9,5
1415,The African,Romance,Raf Gouldsmith,2002,R,3.2,69,United States,Spanish,79891561.41,4
1416,Hole of Epcot,Romance,Tye Heyns,1997,NC-17,6.7,142,Canada,Spanish,16234706.85,8
1417,Fugitive Kind,Comedy,Cynthy Hails,1999,R,2.5,8,United States,English,154285675.3,0
1418,Nas: Time Is Illmati,Comedy,Kimberlyn Maxstead,2022,G,0.9,95,United States,Spanish,91332818.24,10
1419,Aamir,Comedy,Olly Macconachy,1993,G,9.1,259,United States,Frances,232916832.4,14
1420,Kansas,Romance,Caterina Elder,2009,NC-17,4.2,286,United States,English,156533989,1
1421,Bloodlust: Subspecie,Comedy,Donnie Wellstood,2012,NC-17,8.6,152,United States,Spanish,135424561.2,15
1422,When the Road Bends,Horror,Tami Edward,1997,NC-17,2.4,17,Canada,English,47003734.66,9
1423,Cherry Falls,Action,Cindi Janowicz,2020,PG,3.5,135,United States,Frances,283184021.8,4
1424,I Love and you too Love,Drama,Lea Chesnay,2022,NC-17,7.5,138,United States,Frances,257428428.4,10
1425,Alice Doesn't Live H,Horror,Maurine Duddy,1997,PG,0.7,195,United States,Spanish,172862908.6,13
1426,Midnight in the Gard,Comedy,Clea Sikorski,2018,NC-17,0.3,81,United States,Spanish,199059160.1,1
1427,Den enskilde medborg,Romance,Jojo Pepler,2021,PG,8.7,87,United States,English,260090130.6,5
1428,Lookout of Frank,Drama,Durant Roadknight,2011,PG,5.8,78,Canada,English,137935746.5,15
1429,Plácido,Romance,Pamella Redsell,2017,NC-17,0.6,262,Canada,English,187505317,4
1430,Missing Book in the Library,Drama,Garfield Lansdowne,2020,NC-17,0.9,266,United States,Spanish,18655624.34,4
1431,Tree of Wooden Clogs,Comedy,Vicky Crocetti,1997,PG,1,262,United States,Spanish,235617337.1,7
1432,Jean Gentil,Action,Gar Soper,2022,G,4.5,107,Canada,English,297602943,5
1433,Zero Degrees of Sepa,Drama,Electra Lidell,1994,PG,3.4,20,United States,Frances,228377940,11
1434,Jubal,Action,Loralyn Maddigan,2018,PG-13,0.3,91,Spain,English,285576857.9,12
1435,Author! Author!,Horror,Neil Iohananof,2016,PG,4.1,6,United States,Spanish,105512683.7,7
1436,Tooth Fairy 2,Drama,Shelly Prigg,2017,R,5.8,267,United States,Frances,130183669.2,0
1437,The Story of Paris ,Drama,Reg Thurlbeck,2011,G,2.3,292,Canada,English,85975886.78,4
1438,Eight Below,Comedy,Hy Welsby,2001,PG,0.9,90,United States,Frances,215811142,12
1439,Food Matters,Drama,Isak Muino,2020,G,5.7,246,United States,English,178441113.8,2
1440,Monster in the Close,Comedy,Jefferson Culleford,2020,PG,3.6,58,United States,Spanish,214357150.4,8
1441,Magadheera,Comedy,Walliw Gainsbury,2017,PG-13,1.8,15,United States,Frances,154440359.3,7
1442,Nightmare on Elm Str,Comedy,Dewain Whetnall,2021,NC-17,5.6,38,Canada,Spanish,62983970.4,11
1443,Godzilla vs. Gigan,Action,Gilly Kenford,1995,PG-13,2.3,158,Canada,English,108565703,15
1444,Mystics in Bali,Horror,Dora Coghill,2009,R,7.1,127,Canada,Spanish,202617226.7,2
1445,Two Faces of January,Action,Devi Triner,2014,PG,4.7,199,Canada,Frances,173681973.4,2
1446,Love at First Bite,Action,Cristen deKnevet,1992,NC-17,5.5,228,Spain,Frances,164049038.1,0
1447,Fists in the Pocket ,Horror,Moe Tynnan,2001,NC-17,4.9,116,United States,English,265178655.3,13
1448,Adrenalin: Fear the ,Romance,Brnaba Windibank,2008,G,9.5,102,Canada,Frances,279650217.3,10
1449,Smurfs 2,Comedy,Lettie Durtnell,2004,R,0.1,204,Canada,Spanish,93610146.92,2
1450,So It Goes,Action,Allissa Drackford,2019,PG-13,4.9,108,Canada,English,263517943.1,4
1451,She and Her Cat,Action,Dick Teml,2012,PG-13,6.5,2,United States,Frances,49225573.7,4
1452,Return of the Vampir,Comedy,Shermie Snap,2015,NC-17,2.3,100,Spain,Spanish,216288865.6,2
1453,The Exorcist,Horror,Page Stenton,2004,G,1.1,204,United States,Frances,209868741.8,5
1454,Another Year,Horror,Aldo Luquet,2013,R,1.7,117,Canada,English,228570434.9,12
1455,The Wet Parade,Comedy,Hurley Bedwell,1999,R,7.5,154,Canada,Spanish,20883125.47,9
1456,Ride Lonesome,Action,Blane Thonason,1991,NC-17,2.9,269,Spain,Spanish,275875265.4,1
1457,Codebreaker,Romance,Lydie Grevatt,2018,PG,7.9,69,United States,Frances,155498239.3,10
1458,Udaan,Action,Melania Caveill,2001,PG,3.3,51,United States,Frances,198764505.8,10
1459,Soldier of Orange,Romance,Brenna Hofton,2005,R,0.2,299,Canada,Spanish,91205528.88,10
1460,Holy Mountain,Drama,Godfree Bridgwater,1994,PG-13,0.9,207,Spain,Spanish,203320147,10
1461,Cochochi,Romance,Alden Bazely,1990,NC-17,0.1,140,United States,Frances,219503989.7,3
1462,Ferngully: The Last ,Comedy,Myrah Brunsen,2012,PG-13,5.5,99,United States,English,293649021.8,2
1463,Sunshine Boys,Horror,Pauline Patrie,1990,PG-13,4.7,113,United States,English,92959463.94,10
1464,Rocket Singh: Salesm,Comedy,Celie Packham,1992,PG,9.5,176,United States,Spanish,118787141.7,15
1465,After Fall and Winter,Horror,Chester Munn,2011,G,9.6,112,United States,English,234336582.6,3
1466,Old Cases of FBI Archives,Horror,Annissa Lowther,2013,PG,3.6,199,United States,Spanish,44982207.88,7
1467,Citizen Toxie: The T,Romance,Lydie Bucknall,2000,PG-13,6.5,292,Canada,Frances,201633120.8,7
1468,Pirates of the Carib,Romance,Ches Davys,2012,PG,3.8,157,United States,Spanish,132882014.3,6
1469,Capone,Action,Jacquetta Cromleholme,2006,NC-17,5.1,81,United States,Frances,46084974.53,6
1470,Another Woman,Drama,Chryste Erswell,1996,PG-13,3.2,287,United States,Spanish,119486677.3,8
1471,Voyager,Romance,Hillary Tipton,2006,R,0.5,276,United States,Spanish,125386280.3,8
1472,Project X,Horror,Caron Gosker,2018,R,2.5,85,Canada,English,17364357.99,15
1473,You Are So Beautiful,Action,Maressa Puttick,2020,R,2.7,206,United States,Frances,193448115,14
1474,Ask Me Anything,Action,Jeff Scarce,1992,PG-13,4.1,127,United States,Spanish,214069760.8,2
1475,One to Another ,Comedy,Tim Ruffli,2011,NC-17,9.8,228,Canada,English,196919646.1,1
1476,Bound,Drama,Guinna Scaysbrook,2017,NC-17,9.4,289,Canada,Frances,59123512.21,3
1477,Rent-a-Kid,Horror,Domenico Cunningham,2016,PG,5.3,149,Canada,Spanish,81683874.78,15
1478,Let's Make Love,Drama,Timoteo Gethin,1996,R,8.2,219,Spain,English,216823604.7,8
1479,Passchendaele,Drama,Sheilakathryn De Wolfe,1990,NC-17,5.6,55,United States,Spanish,287125960.4,1
1480,Tarda estate,Horror,Nikki Dyzart,1997,PG,7.7,234,Canada,Frances,135657259.9,8
1481,Stay,Drama,Silvie Prout,1994,PG-13,6.4,182,Spain,Frances,124842941,8
1482,The Idea of You,Drama,Lucien Elijah,2017,NC-17,8.4,245,Spain,Spanish,104728595.6,0
1483,Police,Horror,Udall Whorall,1994,PG,1.3,83,Canada,Frances,151206846.8,3
1484,Toy Story of Terror,Comedy,Sansone Pettiward,2002,G,1.1,265,Canada,Spanish,84884959.28,1
1485,Any Wednesday,Drama,Amory Gionettitti,2002,R,3,77,Canada,English,141248978.3,0
1486,They Might Be Giants,Comedy,Eloise Quenby,1995,R,9.2,17,Canada,English,74367305.68,9
1487,Across the Hall,Action,Hiram Peasegod,2022,R,6.1,226,United States,English,168109650.1,8
1488,The Wet Child,Horror,See Ottawell,2020,NC-17,4.4,135,Canada,English,20438864.81,13
1489,East-West of German,Romance,Elena Caroll,2022,R,2.5,42,United States,Spanish,147157946.9,15
1490,Mambo Italiano,Comedy,Lanny Tournie,2017,NC-17,5.3,22,Spain,Frances,213012375.9,15
1491,Clifford,Romance,Carleton Barrie,1990,PG-13,1.8,101,United States,English,249590016.4,6
1492,Tetro,Romance,Lorilee Jankin,2009,G,8.6,48,Canada,English,281528303.9,14
1493,The Universe of Keit,Romance,Lew Hoston,2013,R,5.5,31,United States,English,47322168.49,9
1494,Jersey Girl,Horror,Con Phizackerly,1995,PG-13,2.2,75,United States,Spanish,163179772.2,7
1495,2001 Maniacs,Comedy,Rolph Gainforth,2019,NC-17,5.3,192,Canada,Spanish,112913022.1,13
1496,Battle of China,Comedy,Giovanna Ettritch,1998,PG,7.9,46,Canada,English,204129592.4,10
1497,Miss Sadie Thompson,Romance,Gertruda O'Noulane,2015,G,5.3,217,Canada,English,123578534.5,3
1498,Streets of Laredo,Action,Caldwell Vido,1990,PG-13,3,261,Spain,Frances,124984166.1,8
1499,Dungeons & Dragons,Drama,Jeana McLernon,2012,PG,1.3,192,Spain,English,101164541.4,6
1500,12 Angry Men,Horror,Brenna Wrightam,1991,G,2.8,147,Canada,Frances,131293106.6,12
1501,Dirty Dozen: The Dea,Action,Boris Gilchriest,1990,R,2.8,112,United States,Frances,18820530.31,6
1502,The Waiting Room,Horror,Louisa Trineman,2012,R,3.2,186,United States,English,189115416.2,13
1503,Simon of the Desert ,Action,Amalea Birkmyre,1996,PG-13,8.1,268,United States,Spanish,218037648,11
1504,Bachelor in Paradise,Romance,Marnia Varian,2010,G,3.6,84,Canada,Frances,25572003.52,5
1505,Killing of John Lenn,Drama,Feliks Kinnier,2018,R,8.3,60,Canada,English,6856967.46,0
1506,World War Z,Horror,Evin Corey,1996,G,1.3,134,United States,English,94050678.97,1
1507,Trap: What Happened ,Horror,Kriste Rojahn,1993,NC-17,9.5,109,Canada,English,25326414.43,14
1508,Dance with Me,Horror,Briana Amery,2013,R,4.2,62,Canada,Spanish,99575613.65,12
1509,Tuskegee Airmen,Comedy,Merla Kelemen,2001,G,9.9,182,United States,Frances,117477464.8,5
1510,Strange Case of Ange,Action,Casey Fessier,2013,PG-13,9.3,182,United States,English,24514520.93,3
1511,Pushing Hands,Comedy,Ashil Odney,2001,PG,0.8,150,Canada,Frances,22785787.5,4
1512,Vampyr,Action,Irwinn Calbert,2005,PG,4.5,22,United States,Spanish,243046318.8,15
1513,Commando,Horror,Grant Tisor,1996,R,7.8,113,United States,English,21979126.1,4
1514,Zazie dans,Romance,Hurleigh Peffer,2021,PG,8.5,106,Canada,Spanish,133211809.4,11
1515,Europa (Zentropa),Comedy,Wheeler McArtan,1995,G,0.1,165,United States,Frances,246010743.1,0
1516,22 Bullets,Comedy,Renado Chestnut,1998,R,9.6,88,United States,Spanish,110836951.2,12
1517,All the Right Moves,Comedy,Alma Chaster,2012,PG,5.8,11,United States,Spanish,88528208.96,15
1518,Let it Rain,Comedy,Ailey Zumbusch,2018,G,7.3,65,United States,English,23471415.63,3
1519,Healing,Action,Gerek Smalman,2005,R,5.2,150,United States,English,188709156.2,1
1520,The Evictors,Action,Ban Bakewell,2017,G,5.5,232,Canada,Spanish,50968386.74,10
1521,Lawless,Comedy,Dacia Hyett,1991,NC-17,3.8,128,United States,Spanish,138246495.4,8
1522,Twentynine Palms,Romance,Carma Reade,2009,PG,9,176,United States,English,94359813.65,5
1523,Closet,Comedy,Andra Poytress,2002,NC-17,5.3,224,Canada,English,259227951.2,5
1524,Charlie Chan in Pari,Horror,Dionis Devers,2004,PG,1.8,263,Canada,Frances,265107829.9,3
1525,Love Field,Romance,Delphinia Pulster,2022,PG-13,7.8,256,Canada,Frances,14674131.77,15
1526,Just an American Boy,Romance,Kendra Solan,2013,PG,3.7,196,United States,Frances,65348972.21,12
1527,Woman Obsessed,Romance,Carol-jean Allberry,2016,PG,7.6,14,United States,Frances,209919594.3,13
1528,Experience,Action,Salomone Springell,2003,NC-17,1.8,98,United States,English,223118906.6,4
1529,About Cherry,Drama,Karena Lillecrap,2002,PG-13,8.5,289,United States,English,139557243.4,3
1530,Kautokeino Rebellion,Comedy,Elfreda Lamprey,2017,R,0.6,208,United States,English,167748842.9,13
1531,Don't Think About It,Comedy,Derick Macknish,2008,PG,7,95,Canada,Frances,218992687.6,13
1532,Beer League,Horror,Lotta Derrington,2000,NC-17,1.3,61,United States,Frances,252253866.3,13
1533,Pushing Tin,Horror,Lek Meaden,2013,PG,6.1,46,United States,Frances,217922435.4,10
1534,Son of Monte Cristo,Horror,Ruthanne Purshouse,2018,NC-17,2,58,Canada,English,133578043,10
1535,Caramel,Action,Henryetta Ruilton,2016,PG,1.4,152,Canada,Frances,214554648.5,10
1536,Love Without Pity,Horror,Trenton Fleckno,1991,PG-13,8,52,United States,English,49456145.96,4
1537,Thirteen Days,Horror,Lorita Faulkner,2009,G,3.2,151,United States,Spanish,38267912.96,14
1538,Glory,Romance,Shanan Krzyzanowski,1998,PG,0.3,67,United States,Frances,173198354.2,7
1539,Charlie Chan at the ,Horror,Niko Laetham,1990,G,3.7,181,United States,Frances,90919246.09,5
1540,Steal a Pencil,Comedy,Tammi Balmer,1993,NC-17,4.5,234,Canada,English,142505321.5,0
1541,Snowblind,Romance,Astra Hutchens,2019,PG,8.5,42,Canada,Spanish,33785178.66,10
1542,7 Dollars on the Red,Romance,Michale Starsmore,1997,PG-13,9.7,28,United States,Frances,196889362.8,12
1543,World of Kanako,Romance,Jandy Abdey,2006,PG,2.7,47,Canada,English,247567602.6,9
1544,High Noon,Comedy,Ginny Hunte,1999,PG-13,2.7,63,United States,Frances,146678484.6,8
1545,Grandma's Boy,Comedy,Tanitansy Hancox,2019,G,1,91,United States,Frances,291135254.7,8
1546,The Forgotten Space,Comedy,Annmaria Dunphy,2009,NC-17,5.4,8,Spain,Spanish,214263270.9,13
1547,Blood for Dracula,Drama,Agace Morecombe,1991,PG-13,7.7,284,United States,Frances,134626697.4,0
1548,On the Line,Comedy,Clifford Sedgmond,2003,PG-13,3.4,127,United States,English,295418188.7,2
1549,Daddy and Them,Action,Lou Duggen,2022,NC-17,4.1,186,United States,Frances,13945066.82,5
1550,Orphan,Drama,Kathrine Bridell,2006,PG-13,9.4,45,United States,English,152921923.3,11
1551,Hound of the Baskerv,Action,Celine Gier,1993,R,8,276,United States,English,215544799.8,4
1552,In the Beginning of 20th Ceuntry,Action,Jaymee Cortnay,2009,G,3.6,218,Canada,Frances,190280266.4,10
1553,Face of Another Case,Horror,Niels Baud,2006,NC-17,2.4,203,United States,English,78247272.72,7
1554,Tiger's Tail,Drama,Tan Pandie,2017,PG,1.8,169,United States,Frances,42736804.6,10
1555,Jeffrey Dahmer Files,Action,Joby Perrinchief,2013,PG-13,5.8,176,Canada,Spanish,19921172.52,12
1556,Bed & Board,Action,Cindy Risborough,1999,R,6.3,77,Spain,Frances,24823940.98,0
1557,Beautiful Boy,Romance,Calvin Beasant,1990,G,6.2,228,Canada,Frances,126323676,11
1558,Berserk,Comedy,Cchaddie McNeilley,2016,NC-17,0.6,212,Canada,Spanish,77093420.07,4
1559,Artemisia,Action,Peyton Huntall,1993,PG-13,0.8,144,United States,Frances,286386405.3,13
1560,Doctor Who,Horror,Sabra Dyet,2001,PG-13,4.4,258,United States,English,142166375.5,12
1561,Entitled,Comedy,Karl Abramino,1994,NC-17,0.8,279,United States,English,86564530.79,3
1562,Great Happiness Spac,Horror,Jay Smillie,1991,G,1.6,204,United States,Spanish,258295738.4,6
1563,Good News,Comedy,Garfield Ellinor,1998,NC-17,5.3,260,Canada,Spanish,151415006,8
1564,Watchmen: Tales of t,Drama,Murial Croyden,2001,NC-17,10,88,United States,Spanish,256443053.6,10
1565,Last Life in the Uni,Action,Nadia Girogetti,2005,R,4,167,United States,English,277846799.2,15
1566,Bringing Down the Ho,Romance,Papagena Eccleshare,2003,R,3.9,300,Spain,English,132810939.5,6
1567,Night and the City,Drama,Sigismond Binney,2017,PG,0.3,189,United States,Spanish,12485503.56,10
1568,Jane Eyre,Action,Bengt Carroll,2021,PG-13,2.4,173,Canada,Spanish,185480752.8,0
1569,Rock-a-Bye Baby,Comedy,Monique Winwright,2001,PG,3.6,115,Spain,Spanish,11468296.09,6
1570,Ideal Husband,Horror,Hazel Findlow,2021,PG-13,3.7,142,Spain,Spanish,110948858.9,11
1571,Hypnotist Kelvin,Romance,Red Fletcher,2013,NC-17,8.9,175,United States,Frances,61832155.54,8
1572,Zombie Girl,Drama,Harman Shaul,1990,G,1.4,285,Spain,Frances,42701424.94,3
1573,Goethe of the Frank,Drama,Lorry Jeeks,1992,NC-17,3.5,270,United States,English,123589058.3,1
1574,As You Like It,Action,Agnola Manford,2014,R,0.2,200,United States,English,43109167.59,15
1575,Coffy,Action,Mira Greenleaf,2017,G,1.3,62,Spain,Frances,226510720.3,13
1576,Pocketful of Miracle,Horror,Philippine Padillo,1994,G,4.5,119,United States,Spanish,247275146.7,2
1577,Diary of a Shinjuku ,Horror,Rachelle Tyrwhitt,1993,NC-17,7.8,86,Spain,English,69525419.59,0
1578,Hills Have Eyes Part,Horror,Violet Weldon,2000,PG-13,2.2,76,United States,English,243030321.8,11
1579,Virgin Stripped Bare,Action,Arie Tumility,1992,NC-17,4.6,103,United States,English,276904287.6,5
1580,Yamla Pagla Deewana ,Comedy,Nicoline Ramsden,2022,R,7.1,48,United States,English,156076591.2,4
1581,Bopha!,Drama,Andrei Morlon,1997,G,4.5,84,Spain,Frances,212350671.3,14
1582,Tommy,Comedy,Gilberte Aldam,2019,R,1.5,65,Canada,English,294214506,7
1583,Breast Men,Action,Archambault Speares,2011,R,1,286,United States,Frances,42061349.74,4
1584,Society,Action,Thorny Matteucci,2009,PG-13,4.8,91,United States,Frances,157846672.5,5
1585,In Our Garden,Action,Rowena Mynett,2017,G,1.2,296,Canada,English,289044222.4,11
1586,Night Patrol,Drama,Consalve Doughton,2018,NC-17,6.8,91,United States,Spanish,66940959.09,12
1587,Macbeth,Drama,Estrella Ryson,2022,G,8,49,United States,Spanish,36471379.67,12
1588,Meatballs Part II,Action,Fannie Dartan,1998,PG-13,4.5,217,United States,English,209625545.8,14
1589,G.I. Jane,Romance,Thurstan Donaghy,2001,PG-13,8.1,7,Canada,Frances,135114820.4,6
1590,Satyricon,Horror,Eleanore Bog,1998,NC-17,5,204,Canada,Frances,50064600.93,9
1591,Naan Kadavul,Horror,Andy McQuaide,2001,PG,9,179,United States,Spanish,199592281.8,2
1592,Notebook of Peter,Comedy,Ammamaria Makepeace,2011,PG,4.6,112,United States,Frances,25662298.25,9
1593,388 Arletta Avenue,Romance,Trudie Heel,2011,PG-13,1.6,224,Spain,Spanish,68188162.83,5
1594,Nick the Sting,Comedy,Lilla Keeney,2008,PG-13,3.7,182,Canada,English,285269088.1,2
1595,American Samurai,Comedy,Scottie Woolpert,2004,PG,8.8,84,United States,Spanish,286533461.9,7
1596,Little Trip to Heave,Drama,Clemmy Lawrenceson,2015,PG-13,8,260,Spain,Spanish,6567292.23,14
1597,Highlander: The Sear,Romance,Delia MacKnight,2011,PG,2,44,United States,Spanish,141567591.2,2
1598,He Who Dares,Comedy,Malia Ranken,1998,NC-17,5.4,18,United States,Spanish,179426764.2,7
1599,Mutiny on the Bounty,Drama,Ranice Kach,1990,G,3,294,Canada,English,87397521.46,1
1600,Mike Tyson:  Undispu,Action,Octavia Vick,2020,R,1.5,13,United States,Frances,97277222.25,0
1601,Prancer,Action,Iggie Mcimmie,2000,NC-17,9.1,21,United States,Spanish,259874988.3,4
1602,Thy Womb,Horror,Juliette Gerish,2013,NC-17,0.7,189,Canada,Frances,127837837.4,15
1603,Inner Life of Martin,Drama,Gasper Brownell,1991,NC-17,7.7,19,United States,Frances,298118661.6,15
1604,Objective Drama,Drama,Ranee Wormell,1995,PG-13,6.1,90,United States,English,76297418.15,4
1605,Marksman of Colombia,Romance,Kaleb Easum,2013,PG-13,7.3,83,Canada,English,209104712,2
1606,Flaming Star,Comedy,Vaclav Hartwell,2017,PG,6.3,142,United States,English,276155868.9,14
1607,Long Gray Line,Drama,Chelsae Sommerled,2016,PG,3.8,179,United States,Frances,111047835.3,10
1608,Moon Is Blue,Drama,Kellina Pietzke,2014,PG-13,7.9,5,Canada,Spanish,75727512.33,13
1609,Supernova,Romance,Idelle Mountney,2014,PG-13,9.8,54,Spain,Frances,234810185.3,12
1610,Super High Me,Drama,Bevin Poppleston,2005,G,9.3,103,United States,English,61452772.52,15
1611,From Beijing with Lo,Action,King Fairbairn,1997,PG,6,206,Canada,Frances,100701581.9,13
1612,Norma Rae,Drama,Selia Fardoe,2012,NC-17,2.6,291,United States,Spanish,250712786.6,15
1613,Into the Forest of F,Action,Charla Dimitru,2008,NC-17,2.3,97,Canada,Spanish,153419349.7,9
1614,Nothing But Trouble,Horror,Elizabeth MacGuffog,2000,NC-17,1,211,United States,Spanish,43614788.73,15
1615,Living in Oblivion,Horror,Chad Nestoruk,2008,PG,8.3,229,United States,Frances,62910295.28,3
1616,Boy,Horror,Arnuad Skegg,2001,PG-13,7.5,23,United States,Frances,189261934.8,1
1617,Quality Street,Drama,Gardner Pyott,2002,PG,7.4,200,Canada,Spanish,268755643.1,4
1618,Stardust Memories,Action,Pavia Dessant,2007,G,9.4,112,Canada,Frances,299665982,3
1619,Nativity Story,Drama,Rockwell Sissot,1990,R,6.5,149,United States,English,72376036.04,9
1620,Valentine Road,Romance,Neely Baldetti,2002,PG-13,8.6,17,United States,Frances,139718205.7,14
1621,Color of Pomegranate,Horror,Daniele Blanque,2012,G,7.8,296,United States,Frances,221167759.6,12
1622,Hunting and Gatherin,Romance,Evangelin Claxton,2015,R,4,257,United States,Spanish,203889168.1,5
1623,Public Enemy,Drama,Abbey Petrol,2017,NC-17,8.6,69,United States,Spanish,213162860.1,13
1624,Exploding Girl,Romance,Elvyn Perkis,2011,PG,3.7,180,United States,English,116480132,13
1625,Night and Day,Action,Clementius Grelik,2004,R,1.1,220,United States,Frances,92036918.25,9
1626,Early Summer ,Action,Eleen Asplin,2018,PG,2.8,151,Canada,English,127143043.6,12
1627,Taffin,Drama,Cassi Gilardi,2022,G,3.6,181,Canada,Spanish,74837801.81,6
1628,The economy of New York,Action,Mattias Whitechurch,2014,G,5.7,13,United States,Frances,189097584.5,7
1629,Need for Speed,Romance,Althea Simacek,2022,NC-17,2.5,46,Canada,English,225537355.2,5
1630,Space Cowboys,Romance,Nicolea Dooney,2001,R,0.3,281,Canada,Spanish,60546631.42,14
1631,Carmen Comes Home,Romance,Roxana Biddulph,2017,NC-17,4.3,216,Canada,Frances,152217355.3,1
1632,Extraction,Romance,Sanders Curman,2020,NC-17,7.8,87,Canada,English,156560342.7,15
1633,Amor?,Romance,Kristoforo Wycliffe,2008,PG-13,8.3,286,United States,English,24311835.34,8
1634,Walking Tall Part II,Comedy,Emmeline Doge,2012,PG-13,0.4,275,Canada,Frances,139807572.4,8
1635,Stars Look Down,Romance,Selene Robiot,2005,R,9.7,132,Canada,Spanish,197774993,11
1636,Agent Vinod,Horror,Sibel Philot,2013,PG,7.7,68,United States,Frances,46019675.66,9
1637,Laaga Chunari Mein D,Drama,Nana Hammor,2017,NC-17,7.4,77,Canada,Frances,268918428,11
1638,Mickey Mouse: The Movie,Drama,Francesco Bowler,2009,R,8.8,222,United States,Frances,220750565.2,6
1639,The White Van,Action,Pat Morrall,2015,G,3.1,1,United States,Frances,193837167.4,2
1640,Price of Milk in Mexico,Drama,Muire Staddon,1998,R,4.9,80,United States,Frances,288596843,10
1641,American Virgin,Romance,Feliza Sherar,2004,R,9.6,275,Canada,English,38620279.69,14
1642,Astro Boy,Drama,Nessy Lomond,2001,PG,1.3,140,United States,English,57679256.37,8
1643,White Nights,Comedy,Sarah Unwins,1996,NC-17,8.2,71,Canada,Frances,145551083.1,9
1644,Crank: High Voltage,Horror,Alleen Ketteridge,2015,G,2.2,178,United States,English,101602300,5
1645,Paperman,Drama,Aylmer Touhig,2013,NC-17,10,172,Canada,English,150324834.7,10
1646,Rude,Comedy,Galina Longfoot,2006,R,1.2,256,United States,Frances,135934647.6,9
1647,Captivity,Action,Everett Mascall,2001,NC-17,4.2,226,United States,Spanish,121734821.6,4
1648,Woman Obsessed,Comedy,Ruben Klaus,2004,R,8.2,231,Canada,Spanish,8925384.27,3
1649,Head Office,Horror,Ardenia Lackner,2018,PG-13,4.4,85,United States,English,269916716.6,12
1650,Women Without Men,Romance,Darrel Metrick,2020,NC-17,7.2,5,United States,English,287980131.6,13
1651,Children of the Livi,Drama,Baxie Chapelhow,2002,R,0.8,265,United States,English,42757413.91,13
1652,Green Street Hooliga,Action,Abdul Keeling,2021,PG-13,3.5,298,Canada,Spanish,136947129.3,10
1653,Psycho III,Horror,Fred Eginton,2004,R,0.8,140,United States,English,13291084.78,13
1654,Tainted,Action,Octavia Vick,2003,NC-17,0.2,243,United States,Spanish,60846754.61,3
1655,Something in the Win,Drama,Ciel Rantoull,2008,PG,1.8,272,United States,English,219804956.5,5
1656,Rare Breed,Horror,Bernice Aldcorne,2011,NC-17,5.4,168,Canada,Frances,268991352.1,4
1657,I Origins,Horror,Tish Tesauro,2005,R,4.4,284,Canada,Spanish,248404349.5,6
1658,Air Hawks,Horror,Jere Jecock,1999,NC-17,8,116,United States,Spanish,210261645.6,12
1659,This Is Elvis,Horror,Sanford Cawkill,2010,NC-17,6.1,255,Spain,Frances,55990236.74,12
1660,Magic Trip,Action,Geri Cracoe,1993,R,1.8,79,United States,Spanish,141669373.1,8
1661,Laputa: Castle in th,Drama,Nadiya Amber,2008,G,9.4,91,United States,English,70429313.05,8
1662,Light Gradient,Drama,Marni Trythall,2009,PG-13,6.4,119,United States,Spanish,63335455.41,1
1663,Bullets Don't Argue,Drama,Huey Jiggens,1996,R,1.6,258,United States,Frances,36705449.75,11
1664,Monterey Pop,Drama,Koenraad Meggison,2001,PG-13,0.1,76,Canada,English,10382833.14,1
1665,Big City Blues,Horror,Alena Ainsby,2016,R,1.9,42,United States,English,246636877.6,6
1666,Contagion,Action,Hendrik Felderer,2004,G,9.5,66,Spain,English,71190697.07,2
1667,Big Empty Shell,Romance,Shelden Parradine,2018,NC-17,2.5,202,Canada,Frances,269384639.3,11
1668,Mexican,Romance,Abigale Twiddle,2006,G,4.1,195,Spain,English,263057552.9,11
1669,Blue Spring,Romance,Sharla Towersey,1997,G,8,73,Canada,Frances,141986393.4,4
1670,R100,Drama,Melba Lindfors,2021,G,0.9,62,United States,Frances,91108048.36,10
1671,Weekender,Action,Phebe Rolinson,2017,G,8.9,4,United States,Frances,85966338.2,8
1672,Rickshaw Man,Comedy,Emiline Lilie,2021,NC-17,8.3,127,United States,Frances,195783992.8,6
1673,Bamboozled,Horror,Leandra Nardrup,1991,R,6.5,117,Spain,Frances,288674189.6,4
1674,Any Given Sunday,Drama,Maje Stivani,2018,PG-13,4.2,240,United States,Frances,69556717.98,11
1675,Bones Brigade: An Au,Romance,Evangelin Gelletly,2002,PG,4.2,90,Canada,Spanish,8142725.54,4
1676,Bridge at Remagen,Horror,Gunther Weir,1996,PG,6.8,37,Canada,Frances,211889280.6,1
1677,Malta G.C.,Comedy,Erastus Aspey,1995,PG,1.5,264,Canada,Spanish,180229063.4,2
1678,Everything You Alway,Action,Krista Baudone,2000,G,9,96,Canada,Spanish,156719333.4,2
1679,Zig Zag,Drama,Koo Gligori,2012,NC-17,8.5,220,United States,Frances,7345203.43,5
1680,Toy Story 3,Drama,Tremayne Rosengren,2019,G,7.9,299,United States,English,174284665.6,4
1681,Collector of Items,Comedy,Lulita Flatman,1999,G,0.9,272,United States,Frances,168950941.3,6
1682,Red's Dream,Drama,Daile Lantry,2022,NC-17,1.8,244,Canada,English,274541368.8,4
1683,Free Money,Romance,Henrik Boolsen,2008,R,8.9,219,United States,Frances,245721129.1,8
1684,Still Walking,Drama,Revkah Schule,2015,PG-13,7.1,176,Canada,English,113747432.8,0
1685,Two Rode Together,Action,Thatcher Di Biaggi,2001,PG-13,9,122,United States,English,153242214.9,11
1686,Planet B-Boy,Horror,Carlen Worcester,1999,NC-17,3.4,183,Canada,English,31482508.29,8
1687,Happy in Texas,Comedy,Odelia Celli,1995,PG,9.7,104,Canada,English,216536844.8,14
1688,Soul Surfer,Romance,Glenna Hartness,2011,R,8.7,60,United States,Spanish,254856854.1,10
1689,Christmas Story,Action,Ax Farfoot,1997,R,9.1,104,Canada,Frances,48220251.32,2
1690,Ponterosa,Romance,Crawford Panner,1998,PG,6.1,103,United States,Spanish,107956855.1,14
1691,Carnosaur 2,Drama,Aaren Donan,2014,NC-17,7.2,158,United States,English,123775350.2,14
1692,Man with One Red Sho,Drama,Idelle Turbefield,2003,PG,1.3,122,United States,Frances,86813378.38,4
1693,Safety of Objects,Horror,Sigfried Sidnall,2002,PG-13,6.9,39,United States,Spanish,85029911.24,3
1694,Times Square,Action,Ozzie Nisbet,2014,PG,0.2,177,Canada,Frances,291239496.4,15
1695,Squaw Man,Romance,Ingaberg Draude,2006,R,5.4,29,United States,Spanish,101982419.4,0
1696,Spencer's Mountain,Romance,Buffy Caris,2000,NC-17,8.9,103,United States,English,79666881.42,8
1697,Anaconda,Horror,Arne Ruttgers,2022,PG-13,8.4,266,United States,Frances,125092828.2,15
1698,Real Genius,Action,Jorgan Placidi,2019,R,8.3,177,Canada,Frances,212213229.6,5
1699,Staggered,Romance,Lindsy Petegree,1992,R,8.9,147,Spain,English,82394480.88,3
1700,Red's Dream,Drama,Silvie Legier,1995,NC-17,3.9,142,Canada,Frances,247222811.6,8
1701,Mr. Smith Goes to Wa,Comedy,Javier Metzel,2016,NC-17,5.2,142,United States,Spanish,165497244.1,13
1702,American Astronaut,Drama,Livvy Stillmann,1993,PG,4.1,206,United States,Spanish,85435422.99,10
1703,White Mountains,Comedy,Terese Van Cassel,2017,G,5.3,266,Canada,Frances,56613564.39,11
1704,Where Were You When ,Action,Nessa Southcoat,2012,G,6.5,50,United States,Frances,46525131.91,15
1705,Fork in the Road,Romance,Doll Blades,2004,PG-13,1.7,178,United States,Spanish,174826211.5,0
1706,Fortune Cookie,Drama,Fremont Tapper,1993,NC-17,0.2,130,United States,English,244451468.8,13
1707,Walk All Over Me,Horror,Saxe Hatry,1996,PG,2.8,253,United States,Frances,205347667.5,15
1708,Group of Frank,Romance,Hildagard Bartrop,2003,PG-13,3.5,39,Spain,Spanish,61935922.83,13
1709,Total Eclipse,Romance,Gothart Hover,2018,R,7.7,133,United States,Spanish,76888840.73,6
1710,What About Dick?,Action,Novelia Bavage,2013,G,4.8,23,United States,English,293301505.4,8
1711,Lola,Drama,Stanwood Treadgold,2020,G,1.5,266,Spain,Spanish,235223869.2,11
1712,Pumpkinhead,Comedy,Berke Phythean,2006,R,3.8,66,United States,English,64954951.48,9
1713,Honey (Miele),Drama,Brockie Fountian,1992,R,8.9,99,United States,Spanish,255388838.3,11
1714,Day of the Falcon,Comedy,Netta Loutheane,2002,G,3.7,61,Canada,English,6733457.57,8
1715,Diary of a Wimpy Kid,Action,Jerrylee Wilsee,2003,G,7.2,44,Canada,English,202398805.5,8
1716,Cars 3,Drama,Mab Danneil,2003,G,3.2,130,Canada,Frances,174872945.1,10
1717,Dracula: Prince of Dolphin,Drama,Kerwin Sprague,2012,PG,2.8,201,United States,English,208263255.4,0
1718,Associate,Action,Sky Do Rosario,1993,NC-17,0.5,15,Canada,Spanish,132295174.5,12
1719,Boy and the Pirates,Romance,Nehemiah Towll,1993,PG,1.9,119,United States,Frances,206534800.3,14
1720,Touch of Spice,Comedy,Joaquin Simoens,2011,G,6.9,288,Canada,English,191291490.6,0
1721,Liar Liar,Horror,Maible Andreasson,2008,NC-17,8.2,156,Canada,Spanish,190070030.3,14
1722,It's a Gift,Drama,Gratia Postians,2007,R,1.1,247,United States,Frances,196282335,0
1723,Paul Williams Still ,Horror,Lynnette Carmody,2001,R,0.6,178,United States,English,213860138.6,3
1724,I Wake Up Screaming,Horror,Cello MacAughtrie,2000,NC-17,3.4,135,United States,English,250244690.6,15
1725,The Hole of the America,Drama,Benjie Irlam,2004,PG,4.9,177,Canada,Frances,62999026.62,1
1726,Faith Like Potatoes,Action,Rodrick Pool,1992,NC-17,8,145,United States,Frances,191823155,7
1727,City of No Limits,Horror,Glendon Wooder,2000,PG-13,2.2,87,United States,Spanish,211086718.4,9
1728,The Paris Express,Drama,Karylin De Clairmont,2021,NC-17,7,195,Canada,Frances,229312175.2,9
1729,Strange Summer,Comedy,Edd Rampley,2015,PG-13,4.9,160,United States,English,124549553.2,0
1730,Salut cousin!,Romance,Ruben Paish,2002,PG,8.6,142,United States,English,62780333.25,8
1731,Mo' Money,Comedy,Bethany Evason,2010,G,7.5,86,Canada,Spanish,35903671.66,5
1732,Dead Again,Horror,Rakel Bierman,2000,R,9.8,195,United States,English,88035125.46,5
1733,Mesmerist,Comedy,Jorey Mawhinney,2003,NC-17,9.6,231,United States,Frances,146226796.1,6
1734,Turn Left at the End,Comedy,Grady Brockelsby,2001,NC-17,5.7,43,Canada,English,170538128.3,12
1735,Sister Helen ,Drama,Guillema Nickell,2005,R,10,232,United States,Frances,157197335.4,8
1736,Hebrew Hammer,Drama,Daria Scotchforth,2014,R,2.9,272,United States,Frances,135305984.6,15
1737,Casino Royale,Romance,Elissa Cubbon,2019,PG-13,0.6,193,United States,English,75320595.05,11
1738,Decoding Annie Parke,Horror,Dalli Phebee,2021,PG-13,4.3,41,Canada,Spanish,84725839.14,7
1739,Teenage Mutant Ninja,Horror,Tildi Mitham,2022,PG,9.7,45,United States,Spanish,15962980.15,0
1740,Old Fashioned Way,Action,Cinda Ruggs,2006,G,8.9,151,United States,Frances,144566107.4,15
1741,Venice/Venice,Comedy,Nessi Jelkes,1995,NC-17,4.5,172,Canada,English,276952078.8,12
1742,Not Here to Be Loved,Action,Rudolph Darnborough,2004,NC-17,6.2,267,Canada,English,250170426,1
1743,Knuckle ,Action,Tessy Loude,2013,NC-17,2.5,190,Canada,English,22750761.16,6
1744,Innocent,Horror,Cthrine Lawly,2016,NC-17,6.2,240,United States,English,223593853.8,7
1745,Putney Swope,Romance,Efren Kopecka,1994,PG-13,5,160,Canada,English,199590937.6,9
1746,Hall Pass,Horror,Ferdinande Walrond,1990,NC-17,2.5,140,United States,English,167109850.9,3
1747,Laramie Project,Comedy,Maurie Greenshiels,2001,R,0.3,62,United States,Frances,145781657.8,5
1748,Hue and Cry,Romance,Mirna Truckett,1992,NC-17,4.5,121,United States,Spanish,12919464.73,5
1749,My Flesh and Blood,Comedy,Berkeley Haskew,2009,G,4.6,83,United States,Frances,210198257.1,10
1750,Ultraman,Drama,Quintus Spritt,1998,R,1.6,235,United States,English,161318008.8,5
1751,Red Dwarf,Horror,Morley Fannin,2009,PG,7,180,Canada,English,66826638.56,0
1752,Housefull 2,Action,Aimil Longthorn,2009,PG-13,0.8,115,Spain,Spanish,111436410.1,7
1753,Big Trouble,Comedy,Rutger Priddy,2002,PG,1.3,15,Canada,Spanish,177229047.6,5
1754,Postman Always Rings,Comedy,Aubrette Falkner,1995,G,8,160,United States,Frances,271064616.3,8
1755,Purge (Puhdistus),Horror,Wyatan Alldred,2014,PG,1,154,Canada,English,218431123.7,14
1756,Little Giants,Action,Bengt Marple,2007,G,6.6,60,United States,Frances,37862654.86,6
1757,Fear of a Black Hat,Drama,Culver Tulley,2020,R,8.4,13,Canada,Spanish,155468562,5
1758,Half of a Yellow Sun,Drama,Marya Klement,2013,G,1.3,285,Canada,Frances,197816283.3,10
1759,Incognito,Drama,Shaine Poyser,2012,PG-13,0.8,123,United States,Frances,128302381.7,9
1760,Kitchen in Paris,Romance,Dorie Handslip,1996,PG-13,7,232,Canada,Frances,158737742.9,0
1761,Answer This!,Comedy,Mollee Custance,2018,NC-17,4.3,20,United States,English,243457593.5,7
1762,Plain Dirty,Romance,Howey Samter,2013,NC-17,1.8,198,United States,Frances,204041965.8,15
1763,Four Days of Naples,Action,Othella Champion,1993,NC-17,6.5,187,United States,Spanish,79788822.44,13
1764,East of Eden,Drama,Gerrard Blannin,2007,NC-17,8.9,155,United States,Frances,101762747,8
1765,Epitaph,Action,Malachi Schoales,2015,R,4.2,224,United States,Spanish,267140550.2,13
1766,Fraulein,Action,Wes Fero,2006,G,6.8,2,United States,Spanish,183774569.5,2
1767,Kidnap Syndicate,Horror,Woody Hails,2003,NC-17,1.7,2,Canada,Frances,210411216.8,3
1768,Pay or Die,Comedy,Thorny Wasiela,2016,NC-17,9.7,196,United States,English,177182184.5,12
1769,Lucky,Comedy,Selestina Gabitis,2005,PG,9.5,231,United States,English,53537873.59,14
1770,Dirty Dancing,Drama,Brandea Bradburn,2009,PG,9.3,204,Canada,English,51393294.39,8
1771,Seven Invisible Men ,Drama,Cole Brittle,2009,NC-17,7.5,279,United States,Spanish,59491163.5,13
1772,Arrapaho,Drama,Katha Sambath,1991,PG,8.7,79,United States,Frances,120682480.3,6
1773,Man Called Horse,Comedy,Milton Loton,2014,NC-17,5.4,241,Canada,Spanish,119414424.6,1
1774,Crossroads,Horror,Karleen Pople,1999,G,8.4,161,Spain,Spanish,124150678.2,0
1775,Girl in Progress,Action,Cal Darkin,1994,PG,3.5,184,Canada,Frances,13299254.84,3
1776,Opposite of Sex,Drama,Jacenta Hutchinson,2011,R,8.2,80,Canada,English,10327750.39,1
1777,I Am Taraneh,Comedy,Devinne Jiroutka,2009,G,7.6,178,Canada,Spanish,12342315.64,3
1778,Exiles (Exils),Horror,Chicky Brood,2018,PG-13,9.4,170,Canada,Frances,121580537.1,14
1779,Bananas!,Action,Reeva MacKniely,2001,R,4.6,249,United States,Frances,40545562.21,3
1780,Agent 47,Romance,Daniele Larive,2013,NC-17,9.1,185,Spain,Spanish,263955519.2,13
1781,Parenthood,Action,Ertha Kitchenham,2001,NC-17,3.4,155,United States,English,216428222.7,7
1782,Too Early,Horror,Shellysheldon Vevers,2014,PG-13,8.5,267,United States,Frances,111700814.4,14
1783,Paleface,Horror,Dario Yarwood,2004,R,3,289,United States,Spanish,137584133,12
1784,Night We Never Met,Romance,Archibold Cowell,2008,PG-13,4.3,107,United States,English,76228317.59,6
1785,Sweet Jesus,Comedy,Cybil Maystone,2007,G,3.7,168,United States,English,282579869.8,12
1786,July Rhapsody,Drama,Cross Gammett,1999,G,3.2,216,United States,English,257770217.2,4
1787,George Baxter Life,Action,Kele McKeurton,1995,NC-17,2.2,277,United States,English,283246102.5,4
1788,Blonde Venus,Action,Leonhard Lippiello,2002,PG,1.6,226,Canada,Frances,50427928.21,11
1789,Starsky & Hutch,Horror,Noam Brennans,2004,R,7.9,300,Canada,Frances,67531791.65,15
1790,Triad Underworld,Drama,Fraze Hubbis,2022,NC-17,2.7,211,United States,English,290274769.5,10
1791,Blonde Crazy,Action,Leupold Dugdale,2022,R,5.5,135,United States,English,38156882.27,10
1792,Smooth Talk,Action,Petronille Saladin,2015,PG-13,6.7,273,United States,English,153158285.3,0
1793,Crank: High Voltage,Romance,Bank Degenhardt,2020,PG-13,4.8,213,Canada,Frances,129445835.7,11
1794,Blind Date,Romance,Tildi Mitham,1996,PG,4.3,11,United States,English,118378272.3,4
1795,Godzilla vs. Megalon,Horror,Collin MacShirrie,2003,NC-17,0.9,116,United States,Spanish,79954987.84,2
1796,Once Upon a Time... ,Action,Analise Boltwood,2021,PG-13,1.6,97,Spain,Frances,283925432.7,14
1797,Noah's Ark,Comedy,Skyler Dodsley,2022,PG-13,5.7,157,United States,English,218753321.3,6
1798,Topaze,Comedy,Georgette Isenor,2004,NC-17,1,132,Canada,English,261421647.9,6
1799,Detropia,Action,Joeann Tilne,2002,PG,3.3,3,Canada,English,179873688.6,2
1800,Venus,Drama,Callida Gruby,2013,PG-13,3.7,69,United States,Spanish,154772393.8,12
1801,Bleeder,Comedy,Eric Sacaze,1991,G,8.9,83,Canada,Frances,260969314.9,5
1802,Marilyn Hotchkiss,Drama,Perceval Huffer,1992,NC-17,4.9,188,Canada,Spanish,211153005,6
1803,Waterloo Bridge,Action,Xavier Aldam,2004,NC-17,2.3,293,United States,Spanish,61388751.65,4
1804,William S. Burroughs,Romance,Emlynn Vearncomb,1999,NC-17,8.6,285,United States,English,36020011.62,2
1805,Killers,Action,Therese Mccaull,2002,PG-13,0.1,123,United States,Spanish,33673336.77,2
1806,Damage (Fatale),Drama,West Blunderfield,1994,PG-13,8.3,230,United States,English,140738678.6,14
1807,Lost Skeleton Return,Action,Zackariah Auden,1991,G,1.9,284,United States,Frances,6400855.37,11
1808,Somm,Horror,Amber Huckster,2021,PG,0.4,275,Canada,English,245608378.9,15
1809,Until Death,Romance,Vassili Whannel,2022,PG,5.4,251,United States,Spanish,12361044.72,8
1810,Hamlet,Romance,Noami Muglestone,2010,PG-13,6.8,104,Canada,Frances,256280678.8,6
1811,The Haunted House,Romance,Ignacio Carcas,2022,PG-13,6.6,180,United States,Frances,12649613.2,7
1812,Lucas and Friends,Horror,Jacki Rudkin,2005,G,0.5,35,Canada,Spanish,199452666.9,5
1813,Poolboy: Drowning Out,Drama,Brear Lathy,2000,PG,9.6,27,Canada,Frances,172433016.4,8
1814,Dancing Masters,Drama,Valma Chiene,2003,G,8.7,169,United States,Spanish,195716039.1,10
1815,Alice Upside Down,Drama,Jorge Munkton,2003,R,2,258,United States,Frances,189943264.8,9
1816,Silence of the Sea,Romance,Rheta Haskins,2010,G,3.9,2,United States,English,100880850.4,7
1817,Gleaners & I,Comedy,Deb Wooster,2012,G,0.8,266,United States,Frances,279385766.1,7
1818,Songs My Brothers,Romance,Dukey Dearle,2008,R,5.5,257,United States,Spanish,55542389.79,9
1819,Rabid Grannies,Drama,Anabal Holehouse,1992,G,8.9,118,United States,Spanish,9279247.21,7
1820,My Chauffeur,Action,Tildi Mitham,2015,PG,7,231,United States,Frances,190608108.2,0
1821,Pat Garrett and Bill,Horror,Collete Knellen,2002,NC-17,6.1,14,Canada,English,80288787.62,1
1822,Chapter 27,Drama,Waldo Glover,2018,G,5,69,Spain,Spanish,287226266.8,8
1823,Footprints on the Mo,Comedy,Thayne Lies,2009,R,6.5,105,United States,Frances,142372960.7,10
1824,Invisible Target,Comedy,Agathe Pley,1999,PG,8.4,79,United States,English,290453613.4,15
1825,Charlie Chan in Egyp,Action,Umeko Cochran,2020,PG-13,2.2,81,Spain,English,182171142.6,8
1826,Frontier of the Dawn,Romance,Giacopo Ghidetti,2019,PG,1,162,Canada,English,265757337.3,8
1827,Ivan the Terrible,Drama,Ida Whorf,2021,G,1.4,272,United States,Frances,94855684.47,7
1828,Tammy and the Bachel,Romance,Courtenay Ibbett,2006,G,5,151,United States,English,287324369.8,8
1829,Tony,Comedy,Windham Veelers,1994,PG-13,4.6,251,United States,Spanish,148694556,0
1830,Month by the Lake,Horror,Danyelle Cunnah,2021,R,4.1,266,Canada,English,56313803.11,12
1831,Absolutions,Horror,Oneida Rihanek,2019,PG,1.5,207,Canada,Frances,56915159.09,12
1832,La Legge Violenta De,Comedy,Tandi McGerraghty,2000,NC-17,1.7,175,United States,English,151554618.1,9
1833,Blind Date,Drama,Brana McGuiness,1993,PG-13,0.5,12,Canada,Frances,253312352,7
1834,Graveyard of Honor,Action,Adriane De Andreis,1991,G,7,36,Canada,Frances,102608446.9,11
1835,Starred Up,Drama,Xerxes Locker,1992,NC-17,3.5,116,United States,English,8743464.36,4
1836,Creep,Drama,Barbette Southers,1992,PG,0.4,46,United States,Spanish,137857066.6,15
1837,Mother India,Drama,Ranice Joscelin,2014,R,7.5,135,Canada,Spanish,295382741.6,9
1838,Glory Road,Comedy,Aube Semonin,1996,G,7.1,124,United States,Frances,24839756.34,2
1839,The Phantom Light,Comedy,Hunt MacSwayde,2018,G,0.5,143,United States,Spanish,88173247.85,14
1840,Somewhere Between,Comedy,Jeno Prevost,2020,R,6.6,278,United States,Frances,293408253.2,0
1841,Princess and the Fro,Romance,Roley Baszniak,2018,NC-17,5.6,77,Spain,English,10161324.33,15
1842,Ebola Syndrome,Action,Jannelle Palliser,2007,G,1.6,174,United States,Frances,14419614.52,2
1843,Moloch (Molokh),Comedy,Jule Andrin,2003,R,6.9,149,Canada,Frances,231750612.1,15
1844,Barabbas,Drama,Alexis Vicarey,2012,PG-13,0.6,208,Canada,English,278572968.2,9
1845,Buffalo Soldiers,Comedy,Walsh Houlaghan,2004,NC-17,6.7,149,United States,English,43099185.78,14
1846,2016: Obama's America,Romance,Jayme Blurton,2001,PG-13,1.9,232,Spain,Spanish,76698680.33,3
1847,Three Times,Comedy,Gert Edmonston,2014,NC-17,8.5,37,Spain,Spanish,124698693,9
1848,Kamikaze,Action,Leonerd Sedcole,2001,R,7.7,18,United States,English,212168196.3,12
1849,Jane Eyre,Action,Aurelea Marlin,2006,G,4.7,150,United States,Frances,26631845.14,3
1850,Blaze,Comedy,Colin Wilbud,1998,PG,5,59,United States,Frances,169597742.8,11
1851,Race with the Devil,Romance,Raphael Hegerty,2022,NC-17,0.5,155,Canada,Spanish,251577409.7,7
1852,Hook,Action,Cristy Merfin,2000,PG,2.9,79,United States,Spanish,100995704,5
1853,Ca$h,Romance,Fannie Newnham,2005,PG,3.8,93,United States,Spanish,255902476.5,11
1854,Pink Flamingos,Drama,Joann Pembry,1990,G,8,246,United States,English,128559908.5,4
1855,Class,Romance,Bondon Bullivant,2007,PG,6.9,259,Canada,Spanish,32571755.7,8
1856,Deceived,Comedy,Liane Elsbury,2021,NC-17,1.5,136,United States,Spanish,41374561,3
1857,Deep Impact,Drama,Willie Windaybank,2008,PG,7.5,126,Canada,English,77078793.89,12
1858,Pathology,Horror,Ardelia Rowantree,2011,NC-17,7.3,96,Canada,Frances,144186747.6,1
1859,Special Bulletin,Drama,Jacqui Rosenauer,1999,PG,1.1,166,Canada,Frances,113044053.3,3
1860,Solo ,Drama,Lynnea Juzek,2002,PG,4.2,51,United States,Frances,193742489.1,5
1861,Gabrielle,Drama,Lay Sarfat,2018,R,5.3,242,Canada,Spanish,233274307.4,4
1862,Man with a Cloak,Drama,Reece MacInherney,1991,NC-17,0.8,112,Canada,Spanish,211128043.8,14
1863,Ass Backwards,Drama,Juditha Mossom,2017,R,5.5,156,United States,Spanish,262246539.3,14
1864,Valentino,Action,Eugenia Ridwood,2010,NC-17,7.3,169,Canada,Frances,139029068.1,9
1865,Tumbleweeds,Comedy,Lyman Beglin,2013,PG,1.8,38,United States,Spanish,69514524.51,8
1866,American Winter,Drama,Joellyn Hallstone,2020,PG-13,6.8,115,Canada,Spanish,166724580.6,2
1867,Song of the Sea,Drama,Josiah Guiness,1990,PG-13,0.7,77,United States,Spanish,174052771.9,14
1868,Spawn,Horror,Tildi Mitham,1992,R,1.5,155,United States,Spanish,171332691.5,12
1869,Young Visiters,Horror,Vidovik Aspling,2021,NC-17,2.3,290,United States,Spanish,34866179.25,11
1870,Half Moon,Action,Johnny Westmerland,2007,PG,5.2,138,Canada,Spanish,205991569.2,3
1871,Nothing About Robert,Horror,Nicko Harnott,2012,PG,3.7,30,United States,Spanish,113638528.2,4
1872,Mujhse Dosti Karoge!,Drama,Loise Burth,1995,R,9.2,83,United States,English,51118167.65,6
1873,X-Men: First Class,Action,Zorana Reis,1996,G,8.9,252,United States,Spanish,231122775.1,6
1874,Machuca,Romance,Devondra Fearneley,2009,NC-17,1,189,United States,Frances,6988101.11,11
1875,Sex Positive,Drama,Nevsa Reaney,2012,R,9.7,256,Canada,Frances,226044524.9,8
1876,Spasmo,Drama,Carley Claricoates,2015,R,8.2,15,United States,Spanish,32246246.68,10
1877,Ennui,Action,Kerianne De la Zenne,2018,PG-13,4.1,47,Canada,Frances,286383317.3,7
1878,Stars,Action,Mab Morcomb,2013,PG,3.5,263,Canada,Spanish,12187640.14,2
1879,Sixth of the World,Romance,Cointon Verheijden,2003,G,1.1,178,Canada,Frances,220753449.8,10
1880,Above Suspicion,Romance,Corbet Shearston,1996,PG,6.3,10,United States,Frances,251677674.9,8
1881,Season for Miracles,Action,Markus Hugonin,2010,PG-13,7.5,188,Canada,Spanish,143555107.4,14
1882,Slammin' Salmon,Romance,Melania Lammenga,2009,NC-17,2.3,259,Spain,Frances,224980059.3,11
1883,R.S.V.P. ,Action,Toddy Vlasov,1994,PG-13,1.4,21,United States,Frances,145057381.9,2
1884,Baytown Outlaws,Romance,Leese Kitley,1997,NC-17,7.2,137,United States,Frances,129253291.1,8
1885,Bomb It,Comedy,Dwayne Berrigan,2007,PG-13,2.4,79,United States,English,178679018.1,0
1886,Children of Hiroshim,Action,Binnie Roxburch,2000,PG-13,2.1,214,Canada,Frances,285903848.3,14
1887,Acacia,Drama,Cynde Heyns,1999,G,1.6,35,United States,Frances,152755719.5,6
1888,Ice Pirates,Action,Erena Grigaut,2010,PG,8.7,200,Canada,Frances,130787418.7,0
1889,Fallout,Action,Lyman Beglin,2013,PG-13,6.4,162,United States,Frances,156802927.5,9
1890,Pretty One,Drama,Zonda Kaasmann,1997,NC-17,4.2,96,United States,Spanish,103091902.7,10
1891,Tall Tale,Romance,Simona Jindrich,2008,PG-13,1.7,6,Canada,Frances,121836839.8,10
1892,Love Letter ,Comedy,Dale Lansly,2001,PG,0.7,288,Canada,Frances,256645143.3,11
1893,Death Takes a Holiday,Romance,Sula Cone,1997,PG,1.8,128,Canada,Spanish,225809278.1,2
1894,True Legend,Drama,Sissie Hallett,1998,PG,4.5,79,United States,English,81516095.11,2
1895,Love Letters,Romance,Mikey Owtram,2000,R,1.4,7,Canada,Frances,127068799.1,6
1896,Breaking the Maya Co,Comedy,Man Talman,2013,PG,9.3,221,Canada,English,291355908,10
1897,Seopyeonje,Horror,Avrit Mariaud,2008,PG,4.9,297,Canada,Spanish,252142611.5,4
1898,Chipmunk Adventure,Romance,Wood Manueau,2014,PG,9.8,39,Canada,Frances,194406935.1,8
1899,Bird on a Wire,Horror,Willabella Raiman,1996,G,5.8,75,United States,Frances,224655214.3,13
1900,Watch on the Rhine,Comedy,Arlyne Mackison,1991,NC-17,9.2,26,United States,English,186431974.7,14
1901,Taste of Honey,Romance,Sherlock Peckett,2010,R,7.1,131,United States,Frances,110305616.1,7
1902,Good Men and Women,Drama,Lyndy Ashford,2016,PG,7.7,4,Canada,Frances,180945124.9,4
1903,Narrien illat ,Drama,Chan Scroxton,2004,NC-17,9.5,110,United States,Spanish,107779485.2,0
1904,In Which We Serve,Drama,Alexander Caudray,2015,G,6,222,United States,Frances,206186489,9
1905,Stray Dogs,Horror,Saree Fosserd,1996,R,6.1,119,Canada,Spanish,299598158.2,0
1906,My Foolish Heart,Action,Tilly Barge,2007,PG,6,240,United States,Frances,18118819.41,1
1907,Women in the School,Horror,Alayne Dollman,2010,G,7.6,20,Canada,English,94556116.08,8
1908,Love and Anarchy,Drama,Hollyanne Trickett,2020,R,4.6,179,United States,Spanish,241921367.1,13
1909,Classe Tous Risques ,Action,Deirdre Van Schafflaer,1991,G,7.4,281,United States,English,220186239.7,14
1910,Reggie Watts: Why Sh,Horror,Oberon Hoys,2000,PG-13,5.6,207,Canada,English,259426957.8,4
1911,99 Homes,Horror,Lyman Beglin,2012,PG-13,9,74,United States,Frances,224484566.7,13
1912,Best of Everything,Action,Ingmar Goldine,2000,G,6.2,122,United States,Spanish,146106402.1,12
1913,Diablo Part,Romance,Ignacio Stolz,2014,NC-17,2.8,34,United States,Frances,132796990,4
1914,Hair Show,Action,Anallese Barnaby,2018,R,4.1,183,Spain,Frances,252393093.4,10
1915,Che: Part Two,Romance,Ingmar Goldine,2003,G,5.8,232,United States,Spanish,138701916.7,8
1916,The Emperor's Candle,Comedy,Annabel Paler,1994,G,0.7,76,United States,Spanish,208641899.1,11
1917,Amorosa,Comedy,Kakalina Jorry,1994,PG-13,7.6,137,United States,English,99751236.91,12
1918,Jonah: A VeggieTales,Horror,Shea Nevett,2005,PG,9.3,55,United States,Spanish,101725200.8,0
1919,Spend It All,Romance,Torrie Vize,2005,PG-13,1.8,168,United States,Spanish,152798831.9,5
1920,Story of  Wendy,Comedy,Rodi Priddey,1997,R,1.2,287,United States,Spanish,161749065.4,4
